contrast,midtime,estimate,lower.HPD,upper.HPD
absent effect,0,0.1347634743972828,-0.025822862944445756,0.3028410818901905
present effect,0,-0.1347634743972828,-0.3028410818901905,0.025822862944445756
absent effect,1,0.13314375320657168,-0.027062372249121086,0.2987903421814999
present effect,1,-0.13314375320657168,-0.2987903421814999,0.027062372249121086
absent effect,2,0.13166159271969552,-0.03365860516975908,0.28890328102601914
present effect,2,-0.13166159271969552,-0.28890328102601914,0.03365860516975908
absent effect,3,0.1300235111514415,-0.03257276325253708,0.2872700149184402
present effect,3,-0.1300235111514415,-0.2872700149184402,0.03257276325253708
absent effect,4,0.12845646367542352,-0.03454650356093845,0.28208607876386593
present effect,4,-0.12845646367542352,-0.28208607876386593,0.03454650356093845
absent effect,5,0.12688329666564954,-0.03474389877396242,0.27908484919296417
present effect,5,-0.12688329666564954,-0.27908484919296417,0.03474389877396242
absent effect,6,0.1252686855471227,-0.03457009386714528,0.27680722588130124
present effect,6,-0.1252686855471227,-0.27680722588130124,0.03457009386714528
absent effect,7,0.12357089779459704,-0.03320313322682923,0.2755626078554701
present effect,7,-0.12357089779459704,-0.2755626078554701,0.03320313322682923
absent effect,8,0.1219707626118641,-0.033977020717970666,0.2723729551600229
present effect,8,-0.1219707626118641,-0.2723729551600229,0.033977020717970666
absent effect,9,0.12033202644474388,-0.032325181720728256,0.27148310571789536
present effect,9,-0.12033202644474388,-0.27148310571789536,0.032325181720728256
absent effect,10,0.11876459071377976,-0.03151227868405479,0.26977872638229994
present effect,10,-0.11876459071377976,-0.26977872638229994,0.03151227868405479
absent effect,11,0.11702622701596402,-0.033722483821391064,0.26544001844733106
present effect,11,-0.11702622701596402,-0.26544001844733106,0.033722483821391064
absent effect,12,0.1153158102410318,-0.03420761313740213,0.262871395370609
present effect,12,-0.1153158102410318,-0.262871395370609,0.03420761313740213
absent effect,13,0.1135391476464005,-0.03352882103892507,0.2619085812296997
present effect,13,-0.1135391476464005,-0.2619085812296997,0.03352882103892507
absent effect,14,0.11204309378669808,-0.032902141898190004,0.26037214426141697
present effect,14,-0.11204309378669808,-0.26037214426141697,0.032902141898190004
absent effect,15,0.11031606212992248,-0.03429389061022204,0.25707203405885637
present effect,15,-0.11031606212992248,-0.25707203405885637,0.03429389061022204
absent effect,16,0.1087596036092949,-0.03309646292956275,0.2563963507743411
present effect,16,-0.1087596036092949,-0.2563963507743411,0.03309646292956275
absent effect,17,0.10725607905128337,-0.03485498301940416,0.25336392516818884
present effect,17,-0.10725607905128337,-0.25336392516818884,0.03485498301940416
absent effect,18,0.1056166711585408,-0.03665984596094153,0.2499461269694774
present effect,18,-0.1056166711585408,-0.2499461269694774,0.03665984596094153
absent effect,19,0.10398609875278962,-0.03834407268671873,0.24749813825500794
present effect,19,-0.10398609875278962,-0.24749813825500794,0.03834407268671873
absent effect,20,0.10244662838207585,-0.04062069008961694,0.2441151032953398
present effect,20,-0.10244662838207585,-0.2441151032953398,0.04062069008961694
absent effect,21,0.1006785745223634,-0.04254686380745558,0.24073079127146615
present effect,21,-0.1006785745223634,-0.24073079127146615,0.04254686380745558
absent effect,22,0.09904822099229632,-0.04330181465483099,0.23825455759201156
present effect,22,-0.09904822099229632,-0.23825455759201156,0.04330181465483099
absent effect,23,0.09719415536697461,-0.043983472621914654,0.2361337658207632
present effect,23,-0.09719415536697461,-0.2361337658207632,0.043983472621914654
absent effect,24,0.09554706056615098,-0.04524250644611255,0.23442410048743043
present effect,24,-0.09554706056615098,-0.23442410048743043,0.04524250644611255
absent effect,25,0.09397498899469853,-0.04725658836139589,0.2315600232228433
present effect,25,-0.09397498899469853,-0.2315600232228433,0.04725658836139589
absent effect,26,0.09224226304374453,-0.048778918697340946,0.22967702157917996
present effect,26,-0.09224226304374453,-0.22967702157917996,0.048778918697340946
absent effect,27,0.09068810120987503,-0.04905800594148739,0.22940942119665467
present effect,27,-0.09068810120987503,-0.22940942119665467,0.04905800594148739
absent effect,28,0.08902624134880925,-0.0499816368450753,0.2282391873263551
present effect,28,-0.08902624134880925,-0.2282391873263551,0.0499816368450753
absent effect,29,0.0874573689115401,-0.055024234554970276,0.2232018786538536
present effect,29,-0.0874573689115401,-0.2232018786538536,0.055024234554970276
absent effect,30,0.08570158463007024,-0.056605715180392785,0.22189095740984813
present effect,30,-0.08570158463007024,-0.22189095740984813,0.056605715180392785
absent effect,31,0.08417348488934853,-0.057448035232521066,0.22068128653802568
present effect,31,-0.08417348488934853,-0.22068128653802568,0.057448035232521066
absent effect,32,0.08261460667888659,-0.05864707581000275,0.21954885922779385
present effect,32,-0.08261460667888659,-0.21954885922779385,0.05864707581000275
absent effect,33,0.08102913400429006,-0.061832153770233475,0.2164150708387037
present effect,33,-0.08102913400429006,-0.2164150708387037,0.061832153770233475
absent effect,34,0.07938043629349555,-0.0636418816150338,0.21475101746927205
present effect,34,-0.07938043629349555,-0.21475101746927205,0.0636418816150338
absent effect,35,0.07785340829770207,-0.06150571705457172,0.2171812625259974
present effect,35,-0.07785340829770207,-0.2171812625259974,0.06150571705457172
absent effect,36,0.07635781210508122,-0.06487089196841579,0.2141720147333963
present effect,36,-0.07635781210508122,-0.2141720147333963,0.06487089196841579
absent effect,37,0.07486022415344804,-0.06268418047435365,0.2168049590307572
present effect,37,-0.07486022415344804,-0.2168049590307572,0.06268418047435365
absent effect,38,0.07331575627518522,-0.0660472164560286,0.21371149746263762
present effect,38,-0.07331575627518522,-0.21371149746263762,0.0660472164560286
absent effect,39,0.0717476251524165,-0.0678068030676616,0.21275370869070076
present effect,39,-0.0717476251524165,-0.21275370869070076,0.0678068030676616
absent effect,40,0.07011944985311297,-0.06973277124670213,0.21188470450880822
present effect,40,-0.07011944985311297,-0.21188470450880822,0.06973277124670213
absent effect,41,0.06858491659392857,-0.06974057547107035,0.2126857323755526
present effect,41,-0.06858491659392857,-0.2126857323755526,0.06974057547107035
absent effect,42,0.06704684279278023,-0.07321188975553689,0.21063401535048387
present effect,42,-0.06704684279278023,-0.21063401535048387,0.07321188975553689
absent effect,43,0.06550066759187884,-0.07730283156124841,0.20746943761175488
present effect,43,-0.06550066759187884,-0.20746943761175488,0.07730283156124841
absent effect,44,0.06400028189184659,-0.08112408021594539,0.20449088500607526
present effect,44,-0.06400028189184659,-0.20449088500607526,0.08112408021594539
absent effect,45,0.06257179445638614,-0.0828311572866514,0.20367105082088294
present effect,45,-0.06257179445638614,-0.20367105082088294,0.0828311572866514
absent effect,46,0.06110421790290535,-0.0862016141644217,0.20151906859051055
present effect,46,-0.06110421790290535,-0.20151906859051055,0.0862016141644217
absent effect,47,0.05964956954352614,-0.08917989550621533,0.19929319340473128
present effect,47,-0.05964956954352614,-0.19929319340473128,0.08917989550621533
absent effect,48,0.05819299375231566,-0.08972986418789099,0.19951652205396475
present effect,48,-0.05819299375231566,-0.19951652205396475,0.08972986418789099
absent effect,49,0.05683720093295026,-0.09031136892050287,0.20004529548954822
present effect,49,-0.05683720093295026,-0.20004529548954822,0.09031136892050287
absent effect,50,0.055327277727593716,-0.09420338282629218,0.19741113456757414
present effect,50,-0.055327277727593716,-0.19741113456757414,0.09420338282629218
absent effect,51,0.053799210032507046,-0.09502089123029903,0.19763662235165178
present effect,51,-0.053799210032507046,-0.19763662235165178,0.09502089123029903
absent effect,52,0.052467695563653785,-0.0954072784252885,0.19812890788080006
present effect,52,-0.052467695563653785,-0.19812890788080006,0.0954072784252885
absent effect,53,0.051061028252223306,-0.098680195729978007,0.19635794555933894
present effect,53,-0.051061028252223306,-0.19635794555933894,0.098680195729978007
absent effect,54,0.049477976253604054,-0.1015049686615785,0.19476554434687698
present effect,54,-0.049477976253604054,-0.19476554434687698,0.1015049686615785
absent effect,55,0.048125586580206214,-0.1040518044888617,0.19367618968494982
present effect,55,-0.048125586580206214,-0.19367618968494982,0.1040518044888617
absent effect,56,0.046778596526766116,-0.10313081215820144,0.19553916516674155
present effect,56,-0.046778596526766116,-0.19553916516674155,0.10313081215820144
absent effect,57,0.045436198393058645,-0.10284688585167255,0.19711285779084223
present effect,57,-0.045436198393058645,-0.19711285779084223,0.10284688585167255
absent effect,58,0.04406660025482924,-0.10729062335564485,0.19409996443540417
present effect,58,-0.04406660025482924,-0.19409996443540417,0.10729062335564485
absent effect,59,0.04273710748930309,-0.1115966594611177,0.19055349826919415
present effect,59,-0.04273710748930309,-0.19055349826919415,0.1115966594611177
absent effect,60,0.041325907642471946,-0.11432078526206202,0.18886290501326303
present effect,60,-0.041325907642471946,-0.18886290501326303,0.11432078526206202
absent effect,61,0.04003017891082884,-0.1142198384561662,0.19003515495857964
present effect,61,-0.04003017891082884,-0.19003515495857964,0.1142198384561662
absent effect,62,0.0388430555459449,-0.1169224002353355,0.1884988255226641
present effect,62,-0.0388430555459449,-0.1884988255226641,0.1169224002353355
absent effect,63,0.037547584929754976,-0.11866760969424447,0.18781851959175971
present effect,63,-0.037547584929754976,-0.18781851959175971,0.11866760969424447
absent effect,64,0.0362527268265075,-0.1196818012958864,0.1877385547703927
present effect,64,-0.0362527268265075,-0.1877385547703927,0.1196818012958864
absent effect,65,0.03518298781254503,-0.12134922808840748,0.18718421871156224
present effect,65,-0.03518298781254503,-0.18718421871156224,0.12134922808840748
absent effect,66,0.03395123598567537,-0.1231208721697801,0.18665578134220823
present effect,66,-0.03395123598567537,-0.18665578134220823,0.1231208721697801
absent effect,67,0.032805547046809644,-0.122866669815945,0.18803205700262282
present effect,67,-0.032805547046809644,-0.18803205700262282,0.122866669815945
absent effect,68,0.03149289341622413,-0.1262995432024915,0.18586908342381758
present effect,68,-0.03149289341622413,-0.18586908342381758,0.1262995432024915
absent effect,69,0.030257219163207755,-0.12635653713881254,0.18726593707937644
present effect,69,-0.030257219163207755,-0.18726593707937644,0.12635653713881254
absent effect,70,0.02916248538177347,-0.12833462429820372,0.18641582178796706
present effect,70,-0.02916248538177347,-0.18641582178796706,0.12833462429820372
absent effect,71,0.028187583446638728,-0.12963920367422363,0.18628562032169488
present effect,71,-0.028187583446638728,-0.18628562032169488,0.12963920367422363
absent effect,72,0.027016528996122502,-0.12574784165463915,0.191404982496536
present effect,72,-0.027016528996122502,-0.191404982496536,0.12574784165463915
absent effect,73,0.025938871155344212,-0.1303953256119287,0.18769803289943005
present effect,73,-0.025938871155344212,-0.18769803289943005,0.1303953256119287
absent effect,74,0.024961998178769186,-0.12990804367757613,0.1894810926802309
present effect,74,-0.024961998178769186,-0.1894810926802309,0.12990804367757613
absent effect,75,0.023807146366735532,-0.13357605298134403,0.18680315985817683
present effect,75,-0.023807146366735532,-0.18680315985817683,0.13357605298134403
absent effect,76,0.022756482571406993,-0.13539695541170305,0.18552020695887916
present effect,76,-0.022756482571406993,-0.18552020695887916,0.13539695541170305
absent effect,77,0.02182969630940868,-0.13681580041417946,0.18532572283267953
present effect,77,-0.02182969630940868,-0.18532572283267953,0.13681580041417946
absent effect,78,0.020922985262333226,-0.13778999147690874,0.18535135702966185
present effect,78,-0.020922985262333226,-0.18535135702966185,0.13778999147690874
absent effect,79,0.020022661646601384,-0.14013897530971006,0.18392415726029548
present effect,79,-0.020022661646601384,-0.18392415726029548,0.14013897530971006
absent effect,80,0.018986735735894877,-0.1429525568325008,0.18165629230280253
present effect,80,-0.018986735735894877,-0.18165629230280253,0.1429525568325008
absent effect,81,0.018074882207740568,-0.1501062464644338,0.1755128972502475
present effect,81,-0.018074882207740568,-0.1755128972502475,0.1501062464644338
absent effect,82,0.017263913893799172,-0.14975182137527548,0.17644240188713428
present effect,82,-0.017263913893799172,-0.17644240188713428,0.14975182137527548
absent effect,83,0.016641179669418138,-0.1499562294341477,0.17708062817627984
present effect,83,-0.016641179669418138,-0.17708062817627984,0.1499562294341477
absent effect,84,0.01570600280828953,-0.15179049489054156,0.17594978338608777
present effect,84,-0.01570600280828953,-0.17594978338608777,0.15179049489054156
absent effect,85,0.01499752157877679,-0.15250335728650002,0.175961565332984
present effect,85,-0.01499752157877679,-0.175961565332984,0.15250335728650002
absent effect,86,0.014171206236003046,-0.15381092688770034,0.17618295670014317
present effect,86,-0.014171206236003046,-0.17618295670014317,0.15381092688770034
absent effect,87,0.013490513972831589,-0.1549870244741172,0.1763348072480293
present effect,87,-0.013490513972831589,-0.1763348072480293,0.1549870244741172
absent effect,88,0.012772522821927798,-0.15743071654860397,0.17490417604835445
present effect,88,-0.012772522821927798,-0.17490417604835445,0.15743071654860397
absent effect,89,0.012130533114931726,-0.15930337801967162,0.17416970540171411
present effect,89,-0.012130533114931726,-0.17416970540171411,0.15930337801967162
absent effect,90,0.011582957061168322,-0.16219648657794844,0.1723283172850679
present effect,90,-0.011582957061168322,-0.1723283172850679,0.16219648657794844
absent effect,91,0.010873155190588311,-0.16254396393227874,0.17273227060195592
present effect,91,-0.010873155190588311,-0.17273227060195592,0.16254396393227874
absent effect,92,0.01037614875342505,-0.163682013392759,0.1725195712879003
present effect,92,-0.01037614875342505,-0.1725195712879003,0.163682013392759
absent effect,93,0.009786931818664486,-0.16476782582469068,0.17234036311298054
present effect,93,-0.009786931818664486,-0.17234036311298054,0.16476782582469068
absent effect,94,0.009299947706554464,-0.16620247890816864,0.17180481106845016
present effect,94,-0.009299947706554464,-0.17180481106845016,0.16620247890816864
absent effect,95,0.008926915852723753,-0.1598122532626336,0.17890260546933207
present effect,95,-0.008926915852723753,-0.17890260546933207,0.1598122532626336
absent effect,96,0.008641281637505174,-0.16285772684812733,0.17682948813759766
present effect,96,-0.008641281637505174,-0.17682948813759766,0.16285772684812733
absent effect,97,0.008158519490963093,-0.16599715539037635,0.17425923705707638
present effect,97,-0.008158519490963093,-0.17425923705707638,0.16599715539037635
absent effect,98,0.0077881694753066805,-0.16839873356134127,0.17261881817736524
present effect,98,-0.0077881694753066805,-0.17261881817736524,0.16839873356134127
absent effect,99,0.007242708603762572,-0.17006463021521379,0.1722994073200293
present effect,99,-0.007242708603762572,-0.1722994073200293,0.17006463021521379
absent effect,100,0.006996018567348876,-0.16944562817380393,0.17404706395204472
present effect,100,-0.006996018567348876,-0.17404706395204472,0.16944562817380393
absent effect,101,0.006688812943441009,-0.17347767857237156,0.17108520137385208
present effect,101,-0.006688812943441009,-0.17108520137385208,0.17347767857237156
absent effect,102,0.006433326391809099,-0.17238082911304187,0.1734246584763722
present effect,102,-0.006433326391809099,-0.1734246584763722,0.17238082911304187
absent effect,103,0.006162786521969468,-0.1724683684895981,0.17390219550299824
present effect,103,-0.006162786521969468,-0.17390219550299824,0.1724683684895981
absent effect,104,0.005898663118118121,-0.1718917809742416,0.17546935910711026
present effect,104,-0.005898663118118121,-0.17546935910711026,0.1718917809742416
absent effect,105,0.005804038004598706,-0.1725653371480434,0.17598435213491154
present effect,105,-0.005804038004598706,-0.17598435213491154,0.1725653371480434
absent effect,106,0.005718900157431386,-0.1669524472259487,0.18237849076659796
present effect,106,-0.005718900157431386,-0.18237849076659796,0.1669524472259487
absent effect,107,0.005694489527404024,-0.16845586339215957,0.1817808695213798
present effect,107,-0.005694489527404024,-0.1817808695213798,0.16845586339215957
absent effect,108,0.0056410201367353505,-0.1698831901256225,0.1814694157863479
present effect,108,-0.0056410201367353505,-0.1814694157863479,0.1698831901256225
absent effect,109,0.005444584594978163,-0.17295043436481136,0.17925158783243286
present effect,109,-0.005444584594978163,-0.17925158783243286,0.17295043436481136
absent effect,110,0.005488891502489664,-0.17360177043699387,0.17939323046237562
present effect,110,-0.005488891502489664,-0.17939323046237562,0.17360177043699387
absent effect,111,0.005530050840073228,-0.1729471635156269,0.1809166565765547
present effect,111,-0.005530050840073228,-0.1809166565765547,0.1729471635156269
absent effect,112,0.00569193079269751,-0.17603501345927347,0.1790587264790282
present effect,112,-0.00569193079269751,-0.1790587264790282,0.17603501345927347
absent effect,113,0.005747059988277993,-0.17761325626196633,0.1789238951042897
present effect,113,-0.005747059988277993,-0.1789238951042897,0.17761325626196633
absent effect,114,0.005865807048744665,-0.17847068720509632,0.1794033118166245
present effect,114,-0.005865807048744665,-0.1794033118166245,0.17847068720509632
absent effect,115,0.005988410086828412,-0.17584422732783023,0.18345461367333213
present effect,115,-0.005988410086828412,-0.18345461367333213,0.17584422732783023
absent effect,116,0.006226911936934844,-0.17426441750542832,0.1862846833155023
present effect,116,-0.006226911936934844,-0.1862846833155023,0.17426441750542832
absent effect,117,0.006339775316225909,-0.17381793261138226,0.1877306195593271
present effect,117,-0.006339775316225909,-0.1877306195593271,0.17381793261138226
absent effect,118,0.006622160479724509,-0.177396633494763,0.18561580786630175
present effect,118,-0.006622160479724509,-0.18561580786630175,0.177396633494763
absent effect,119,0.006916959513866162,-0.1772139573107687,0.18685555828719444
present effect,119,-0.006916959513866162,-0.18685555828719444,0.1772139573107687
absent effect,120,0.007322800093995607,-0.17668017526428556,0.188435376477991
present effect,120,-0.007322800093995607,-0.188435376477991,0.17668017526428556
absent effect,121,0.007706653222736955,-0.175725568333818,0.19028168001548457
present effect,121,-0.007706653222736955,-0.19028168001548457,0.175725568333818
absent effect,122,0.008101801434535535,-0.17486377675371623,0.19186008849793418
present effect,122,-0.008101801434535535,-0.19186008849793418,0.17486377675371623
absent effect,123,0.008416351083316977,-0.17455040878604527,0.19340412908970667
present effect,123,-0.008416351083316977,-0.19340412908970667,0.17455040878604527
absent effect,124,0.0088402683017762,-0.17466086023613864,0.19387895781420636
present effect,124,-0.0088402683017762,-0.19387895781420636,0.17466086023613864
absent effect,125,0.009149975952666048,-0.17330885360118214,0.19599968387904226
present effect,125,-0.009149975952666048,-0.19599968387904226,0.17330885360118214
absent effect,126,0.009532461262371322,-0.1736944130493121,0.19650048323799307
present effect,126,-0.009532461262371322,-0.19650048323799307,0.1736944130493121
absent effect,127,0.010046226143214716,-0.17289474049312772,0.1983304035398784
present effect,127,-0.010046226143214716,-0.1983304035398784,0.17289474049312772
absent effect,128,0.010536344219586873,-0.17281870478792738,0.19966723172351383
present effect,128,-0.010536344219586873,-0.19966723172351383,0.17281870478792738
absent effect,129,0.01120761366436614,-0.1722939759131257,0.2014265986680389
present effect,129,-0.01120761366436614,-0.2014265986680389,0.1722939759131257
absent effect,130,0.01171349248109128,-0.17621469131801581,0.1990025331079886
present effect,130,-0.01171349248109128,-0.1990025331079886,0.17621469131801581
absent effect,131,0.012197252066128178,-0.17794873973150238,0.1983409023545362
present effect,131,-0.012197252066128178,-0.1983409023545362,0.17794873973150238
absent effect,132,0.012889574584472971,-0.17733061047297283,0.19995129649611515
present effect,132,-0.012889574584472971,-0.19995129649611515,0.17733061047297283
absent effect,133,0.01337367699890915,-0.17681582448484578,0.2016600477131481
present effect,133,-0.01337367699890915,-0.2016600477131481,0.17681582448484578
absent effect,134,0.014169373942132593,-0.16966371860865015,0.21000647982977982
present effect,134,-0.014169373942132593,-0.21000647982977982,0.16966371860865015
absent effect,135,0.014977995914174987,-0.16839207276817067,0.21220246379575136
present effect,135,-0.014977995914174987,-0.21220246379575136,0.16839207276817067
absent effect,136,0.015710619675344865,-0.16647831814505065,0.2149468242436918
present effect,136,-0.015710619675344865,-0.2149468242436918,0.16647831814505065
absent effect,137,0.016261616930199313,-0.16500680794183412,0.21775579239509202
present effect,137,-0.016261616930199313,-0.21775579239509202,0.16500680794183412
absent effect,138,0.0170637845913936,-0.16781159251846176,0.21582597899722164
present effect,138,-0.0170637845913936,-0.21582597899722164,0.16781159251846176
absent effect,139,0.01787267743756344,-0.17137709796631045,0.21296539380968238
present effect,139,-0.01787267743756344,-0.21296539380968238,0.17137709796631045
absent effect,140,0.018613259005642677,-0.17196349076735779,0.2127264206304611
present effect,140,-0.018613259005642677,-0.2127264206304611,0.17196349076735779
absent effect,141,0.019536500631378913,-0.1714042952801084,0.21348899125041035
present effect,141,-0.019536500631378913,-0.21348899125041035,0.1714042952801084
absent effect,142,0.020631995529109222,-0.1705097164128231,0.21498683697484097
present effect,142,-0.020631995529109222,-0.21498683697484097,0.1705097164128231
absent effect,143,0.02153199813882429,-0.17138790442628682,0.21470070673116573
present effect,143,-0.02153199813882429,-0.21470070673116573,0.17138790442628682
absent effect,144,0.022494876556822682,-0.1744281617521159,0.2124203721284295
present effect,144,-0.022494876556822682,-0.2124203721284295,0.1744281617521159
absent effect,145,0.02349752192991834,-0.17036753112992775,0.21642482385410308
present effect,145,-0.02349752192991834,-0.21642482385410308,0.17036753112992775
absent effect,146,0.02449707195903781,-0.16905683767565038,0.21849883279525656
present effect,146,-0.02449707195903781,-0.21849883279525656,0.16905683767565038
absent effect,147,0.02556491302624556,-0.16979228660548287,0.21861660812587502
present effect,147,-0.02556491302624556,-0.21861660812587502,0.16979228660548287
absent effect,148,0.026548343856904317,-0.17036064989830524,0.21938239914565327
present effect,148,-0.026548343856904317,-0.21938239914565327,0.17036064989830524
absent effect,149,0.027508987025561798,-0.1703718791771857,0.22001350544361112
present effect,149,-0.027508987025561798,-0.22001350544361112,0.1703718791771857
absent effect,150,0.028502156353670028,-0.17141295624825914,0.2201750909223701
present effect,150,-0.028502156353670028,-0.2201750909223701,0.17141295624825914
absent effect,151,0.02958316650028117,-0.17194867676842313,0.22027771684219002
present effect,151,-0.02958316650028117,-0.22027771684219002,0.17194867676842313
absent effect,152,0.03069762255371576,-0.1665792354955863,0.22652803353502007
present effect,152,-0.03069762255371576,-0.22652803353502007,0.1665792354955863
absent effect,153,0.031652466007360255,-0.16231070337468353,0.23163799358962395
present effect,153,-0.031652466007360255,-0.23163799358962395,0.16231070337468353
absent effect,154,0.03265395038636322,-0.1621565501109843,0.23256014552270163
present effect,154,-0.03265395038636322,-0.23256014552270163,0.1621565501109843
absent effect,155,0.03372208501485719,-0.15978332271091905,0.23578001634316703
present effect,155,-0.03372208501485719,-0.23578001634316703,0.15978332271091905
absent effect,156,0.03473018936403697,-0.1614942435426262,0.23490620987013142
present effect,156,-0.03473018936403697,-0.23490620987013142,0.1614942435426262
absent effect,157,0.03565057215954724,-0.16067173099882096,0.23660647807173224
present effect,157,-0.03565057215954724,-0.23660647807173224,0.16067173099882096
absent effect,158,0.03669382575861401,-0.15948515626974147,0.2386057041833165
present effect,158,-0.03669382575861401,-0.2386057041833165,0.15948515626974147
absent effect,159,0.03796838047595327,-0.16181673020526713,0.23696180515307358
present effect,159,-0.03796838047595327,-0.23696180515307358,0.16181673020526713
absent effect,160,0.0390043627675927,-0.15969610711198934,0.24029261116471212
present effect,160,-0.0390043627675927,-0.24029261116471212,0.15969610711198934
absent effect,161,0.03992683699621635,-0.15449696893104653,0.24687103906995655
present effect,161,-0.03992683699621635,-0.24687103906995655,0.15449696893104653
absent effect,162,0.0409254018919396,-0.1543069660980049,0.24763245300341505
present effect,162,-0.0409254018919396,-0.24763245300341505,0.1543069660980049
absent effect,163,0.04202251355005738,-0.15518836284705603,0.24833295599877464
present effect,163,-0.04202251355005738,-0.24833295599877464,0.15518836284705603
absent effect,164,0.04348057691685479,-0.1555010068245007,0.2493255868093654
present effect,164,-0.04348057691685479,-0.2493255868093654,0.1555010068245007
absent effect,165,0.04465335976191881,-0.15434207994574278,0.2518469390992184
present effect,165,-0.04465335976191881,-0.2518469390992184,0.15434207994574278
absent effect,166,0.045813507939835865,-0.15169895934132485,0.25554417006008706
present effect,166,-0.045813507939835865,-0.25554417006008706,0.15169895934132485
absent effect,167,0.04696300677128834,-0.1508685988165372,0.2576510875466136
present effect,167,-0.04696300677128834,-0.2576510875466136,0.1508685988165372
absent effect,168,0.047967752180600794,-0.14758053901228801,0.262292458727789
present effect,168,-0.047967752180600794,-0.262292458727789,0.14758053901228801
absent effect,169,0.04910746577146914,-0.14638009372625405,0.26464395922111217
present effect,169,-0.04910746577146914,-0.26464395922111217,0.14638009372625405
absent effect,170,0.050348508000746986,-0.15792870123671376,0.25422430328484386
present effect,170,-0.050348508000746986,-0.25422430328484386,0.15792870123671376
absent effect,171,0.05149558832138568,-0.14788666948638607,0.2653574432140672
present effect,171,-0.05149558832138568,-0.2653574432140672,0.14788666948638607
absent effect,172,0.052574831646925446,-0.1529018085311095,0.26144771507472236
present effect,172,-0.052574831646925446,-0.26144771507472236,0.1529018085311095
absent effect,173,0.05373477395827016,-0.14993225216025335,0.2650594093966309
present effect,173,-0.05373477395827016,-0.2650594093966309,0.14993225216025335
absent effect,174,0.05466822226930221,-0.1503917705524436,0.26569796666697143
present effect,174,-0.05466822226930221,-0.26569796666697143,0.1503917705524436
absent effect,175,0.055904746402711224,-0.15104154346429646,0.2653515907458406
present effect,175,-0.055904746402711224,-0.2653515907458406,0.15104154346429646
absent effect,176,0.056730575302011324,-0.15210598256719818,0.2654895890009062
present effect,176,-0.056730575302011324,-0.2654895890009062,0.15210598256719818
absent effect,177,0.05811947176299001,-0.1515908831526181,0.2671164571137652
present effect,177,-0.05811947176299001,-0.2671164571137652,0.1515908831526181
absent effect,178,0.05931521183905934,-0.15087766096191513,0.26943529643630637
present effect,178,-0.05931521183905934,-0.26943529643630637,0.15087766096191513
absent effect,179,0.06031571569537551,-0.14530469207174335,0.27646624100601996
present effect,179,-0.06031571569537551,-0.27646624100601996,0.14530469207174335
absent effect,180,0.06133895698309249,-0.1463314616295633,0.2772812513516546
present effect,180,-0.06133895698309249,-0.2772812513516546,0.1463314616295633
absent effect,181,0.06244029670463869,-0.14641640104732032,0.2786290375327002
present effect,181,-0.06244029670463869,-0.2786290375327002,0.14641640104732032
absent effect,182,0.06359594856885215,-0.14532956836275424,0.28157984031572325
present effect,182,-0.06359594856885215,-0.28157984031572325,0.14532956836275424
absent effect,183,0.06458763611939372,-0.14111038307187032,0.2871606935145334
present effect,183,-0.06458763611939372,-0.2871606935145334,0.14111038307187032
absent effect,184,0.06577956430374039,-0.14272342330982477,0.28738035270973267
present effect,184,-0.06577956430374039,-0.28738035270973267,0.14272342330982477
absent effect,185,0.06661957800728319,-0.14085149726466434,0.2910426228866738
present effect,185,-0.06661957800728319,-0.2910426228866738,0.14085149726466434
absent effect,186,0.0676016753890689,-0.14100017018384062,0.29232254849648776
present effect,186,-0.0676016753890689,-0.29232254849648776,0.14100017018384062
absent effect,187,0.06845647814494601,-0.14024196527015675,0.29435885827119035
present effect,187,-0.06845647814494601,-0.29435885827119035,0.14024196527015675
absent effect,188,0.06918903581923891,-0.1415004322413544,0.29502289506763807
present effect,188,-0.06918903581923891,-0.29502289506763807,0.1415004322413544
absent effect,189,0.0700960895437378,-0.14329438372962772,0.294446714007246
present effect,189,-0.0700960895437378,-0.294446714007246,0.14329438372962772
absent effect,190,0.07088410757818533,-0.1425355082511948,0.29644412396830333
present effect,190,-0.07088410757818533,-0.29644412396830333,0.1425355082511948
absent effect,191,0.07164295295525824,-0.1433991200602747,0.2978250824635243
present effect,191,-0.07164295295525824,-0.2978250824635243,0.1433991200602747
absent effect,192,0.07238737768402209,-0.14706486286497128,0.29572507966481826
present effect,192,-0.07238737768402209,-0.29572507966481826,0.14706486286497128
absent effect,193,0.07307731336624837,-0.14598505416489607,0.2980702609946486
present effect,193,-0.07307731336624837,-0.2980702609946486,0.14598505416489607
absent effect,194,0.07415343159264845,-0.14672277495067065,0.298698626755224
present effect,194,-0.07415343159264845,-0.298698626755224,0.14672277495067065
absent effect,195,0.07477069309775891,-0.14546138124472383,0.30190391565678915
present effect,195,-0.07477069309775891,-0.30190391565678915,0.14546138124472383
absent effect,196,0.07534278347395834,-0.14872077106596018,0.30054636686938685
present effect,196,-0.07534278347395834,-0.30054636686938685,0.14872077106596018
absent effect,197,0.07606170320642588,-0.14701368982308177,0.3038525664179492
present effect,197,-0.07606170320642588,-0.3038525664179492,0.14701368982308177
absent effect,198,0.07686577987666413,-0.14887935255593399,0.3034659262191224
present effect,198,-0.07686577987666413,-0.3034659262191224,0.14887935255593399
absent effect,199,0.07735278876350363,-0.14651363800463676,0.3068778574657026
present effect,199,-0.07735278876350363,-0.3068778574657026,0.14651363800463676
absent effect,200,0.07803604027200098,-0.14773107385971113,0.3067510488926755
present effect,200,-0.07803604027200098,-0.3067510488926755,0.14773107385971113
absent effect,201,0.07853582671970852,-0.14801242057906444,0.3082927916909001
present effect,201,-0.07853582671970852,-0.3082927916909001,0.14801242057906444
absent effect,202,0.07885002673411376,-0.14673487293635235,0.31145338896564767
present effect,202,-0.07885002673411376,-0.31145338896564767,0.14673487293635235
absent effect,203,0.07902233283798483,-0.1436568540025684,0.3162044396825427
present effect,203,-0.07902233283798483,-0.3162044396825427,0.1436568540025684
absent effect,204,0.07942674430794425,-0.14350589306658346,0.3176139285676769
present effect,204,-0.07942674430794425,-0.3176139285676769,0.14350589306658346
absent effect,205,0.079695722530752,-0.1455093431069763,0.31690965779600244
present effect,205,-0.079695722530752,-0.31690965779600244,0.1455093431069763
absent effect,206,0.07995669026745536,-0.1443025951277258,0.3199571997740587
present effect,206,-0.07995669026745536,-0.3199571997740587,0.1443025951277258
absent effect,207,0.08004221978674067,-0.14626573168696688,0.31954761184533453
present effect,207,-0.08004221978674067,-0.31954761184533453,0.14626573168696688
absent effect,208,0.08010466509216949,-0.1447779740740182,0.3226366594721565
present effect,208,-0.08010466509216949,-0.3226366594721565,0.1447779740740182
absent effect,209,0.08027417576958333,-0.1463517117794591,0.3225600093168508
present effect,209,-0.08027417576958333,-0.3225600093168508,0.1463517117794591
absent effect,210,0.0805604849091334,-0.14661863851535342,0.3239711104764462
present effect,210,-0.0805604849091334,-0.3239711104764462,0.14661863851535342
absent effect,211,0.08046455740701973,-0.1473414970193949,0.32532682697021487
present effect,211,-0.08046455740701973,-0.32532682697021487,0.1473414970193949
absent effect,212,0.08051196539133254,-0.14683166520679902,0.3272163542322206
present effect,212,-0.08051196539133254,-0.3272163542322206,0.14683166520679902
absent effect,213,0.08036762280114329,-0.15155526661898672,0.3243052715608637
present effect,213,-0.08036762280114329,-0.3243052715608637,0.15155526661898672
absent effect,214,0.0804424612037459,-0.1477996457670574,0.32951338958800214
present effect,214,-0.0804424612037459,-0.32951338958800214,0.1477996457670574
absent effect,215,0.08046060122749679,-0.1554201557285091,0.32318995837443937
present effect,215,-0.08046060122749679,-0.32318995837443937,0.1554201557285091
absent effect,216,0.08048501423798139,-0.15614570520752674,0.3244761719601442
present effect,216,-0.08048501423798139,-0.3244761719601442,0.15614570520752674
absent effect,217,0.08020102175841293,-0.1528188235089071,0.329516026524913
present effect,217,-0.08020102175841293,-0.329516026524913,0.1528188235089071
absent effect,218,0.08002431762165563,-0.15468416214406414,0.3288251990250286
present effect,218,-0.08002431762165563,-0.3288251990250286,0.15468416214406414
absent effect,219,0.0796003802294861,-0.15600342159489916,0.32913837351926184
present effect,219,-0.0796003802294861,-0.32913837351926184,0.15600342159489916
absent effect,220,0.07926685392642724,-0.15456782475044462,0.3324390565713651
present effect,220,-0.07926685392642724,-0.3324390565713651,0.15456782475044462
absent effect,221,0.07890246417813171,-0.15651394117633072,0.33227232565305176
present effect,221,-0.07890246417813171,-0.33227232565305176,0.15651394117633072
absent effect,222,0.07848898694036818,-0.16257411662515403,0.32739057840296687
present effect,222,-0.07848898694036818,-0.32739057840296687,0.16257411662515403
absent effect,223,0.07807216071241461,-0.16217854582007024,0.32900696807481355
present effect,223,-0.07807216071241461,-0.32900696807481355,0.16217854582007024
absent effect,224,0.077703120433807,-0.161826609354082,0.3302841664572661
present effect,224,-0.077703120433807,-0.3302841664572661,0.161826609354082
absent effect,225,0.07735580657540234,-0.1664683024482414,0.3272701303032979
present effect,225,-0.07735580657540234,-0.3272701303032979,0.1664683024482414
absent effect,226,0.07670471467693793,-0.16858350847286785,0.32601290687508855
present effect,226,-0.07670471467693793,-0.32601290687508855,0.16858350847286785
absent effect,227,0.07620629614771054,-0.1695761248636417,0.32595231317243656
present effect,227,-0.07620629614771054,-0.32595231317243656,0.1695761248636417
absent effect,228,0.07571218716604819,-0.17274215141361168,0.3241210876391927
present effect,228,-0.07571218716604819,-0.3241210876391927,0.17274215141361168
absent effect,229,0.0749537738481645,-0.1732082046491159,0.3248005330238163
present effect,229,-0.0749537738481645,-0.3248005330238163,0.1732082046491159
absent effect,230,0.07434575466282556,-0.17287397360484527,0.32601605497117314
present effect,230,-0.07434575466282556,-0.32601605497117314,0.17287397360484527
absent effect,231,0.07339299470286892,-0.17380374875080512,0.3247369343754526
present effect,231,-0.07339299470286892,-0.3247369343754526,0.17380374875080512
absent effect,232,0.07258949078559235,-0.17676509638813576,0.32354445546228355
present effect,232,-0.07258949078559235,-0.32354445546228355,0.17676509638813576
absent effect,233,0.07147990952816524,-0.17831795707933473,0.3228619759817607
present effect,233,-0.07147990952816524,-0.3228619759817607,0.17831795707933473
absent effect,234,0.07070654909674867,-0.18097741799718592,0.32173797112491936
present effect,234,-0.07070654909674867,-0.32173797112491936,0.18097741799718592
absent effect,235,0.06951451130632762,-0.17135240502376345,0.33277888907280895
present effect,235,-0.06951451130632762,-0.33277888907280895,0.17135240502376345
absent effect,236,0.06835784548429352,-0.18373639686084675,0.3213745794945055
present effect,236,-0.06835784548429352,-0.3213745794945055,0.18373639686084675
absent effect,237,0.06696289973833833,-0.1801315962675471,0.3261763713528995
present effect,237,-0.06696289973833833,-0.3261763713528995,0.1801315962675471
absent effect,238,0.06570794867310469,-0.17895834973554578,0.3285108171392006
present effect,238,-0.06570794867310469,-0.3285108171392006,0.17895834973554578
absent effect,239,0.06455314198946932,-0.1857304109472051,0.3228096515191017
present effect,239,-0.06455314198946932,-0.3228096515191017,0.1857304109472051
absent effect,240,0.06338437197706326,-0.18651705719797687,0.3230209989239529
present effect,240,-0.06338437197706326,-0.3230209989239529,0.18651705719797687
absent effect,241,0.06202681122235759,-0.18644019306928516,0.3237689943457759
present effect,241,-0.06202681122235759,-0.3237689943457759,0.18644019306928516
absent effect,242,0.06057440653528194,-0.1873549420572377,0.3238346406129068
present effect,242,-0.06057440653528194,-0.3238346406129068,0.1873549420572377
absent effect,243,0.059141113011798724,-0.19310971193120335,0.3191260651202169
present effect,243,-0.059141113011798724,-0.3191260651202169,0.19310971193120335
absent effect,244,0.057431079884112377,-0.19433492912052397,0.31875625887206394
present effect,244,-0.057431079884112377,-0.31875625887206394,0.19433492912052397
absent effect,245,0.0562306312137055,-0.19700429319101198,0.3169018603841174
present effect,245,-0.0562306312137055,-0.3169018603841174,0.19700429319101198
absent effect,246,0.05457682213789944,-0.19239233789258275,0.32209394010302894
present effect,246,-0.05457682213789944,-0.32209394010302894,0.19239233789258275
absent effect,247,0.05297076630368787,-0.19070888902885363,0.3244564156176204
present effect,247,-0.05297076630368787,-0.3244564156176204,0.19070888902885363
absent effect,248,0.05134949676325723,-0.18944692618097714,0.32633749313468186
present effect,248,-0.05134949676325723,-0.32633749313468186,0.18944692618097714
absent effect,249,0.049543040982357116,-0.19296691113822795,0.32289479583366243
present effect,249,-0.049543040982357116,-0.32289479583366243,0.19296691113822795
absent effect,250,0.047449265893967446,-0.1982133819048403,0.31863015849558757
present effect,250,-0.047449265893967446,-0.31863015849558757,0.1982133819048403
absent effect,251,0.045636673743289106,-0.20040718674993258,0.3165538511365739
present effect,251,-0.045636673743289106,-0.3165538511365739,0.20040718674993258
absent effect,252,0.04382015731202272,-0.203480729842658,0.3138258755234422
present effect,252,-0.04382015731202272,-0.3138258755234422,0.203480729842658
absent effect,253,0.042079394905136173,-0.20534607279141642,0.3120985322461418
present effect,253,-0.042079394905136173,-0.3120985322461418,0.20534607279141642
absent effect,254,0.04019184481180544,-0.21438256013918813,0.30379196767110717
present effect,254,-0.04019184481180544,-0.30379196767110717,0.21438256013918813
absent effect,255,0.038449515013158964,-0.21603899192775017,0.3022518328614963
present effect,255,-0.038449515013158964,-0.3022518328614963,0.21603899192775017
absent effect,256,0.03640081573852759,-0.21824324287786107,0.30013064093692104
present effect,256,-0.03640081573852759,-0.30013064093692104,0.21824324287786107
absent effect,257,0.03408096000478991,-0.22329072229582073,0.29535668391266534
present effect,257,-0.03408096000478991,-0.29535668391266534,0.22329072229582073
absent effect,258,0.03161925629208169,-0.2242758977102312,0.29555907193016784
present effect,258,-0.03161925629208169,-0.29555907193016784,0.2242758977102312
absent effect,259,0.029602482021946923,-0.22558335281562486,0.29430455363293956
present effect,259,-0.029602482021946923,-0.29430455363293956,0.22558335281562486
absent effect,260,0.02749302679642851,-0.22476314410351073,0.2958809713451411
present effect,260,-0.02749302679642851,-0.2958809713451411,0.22476314410351073
absent effect,261,0.02522027094103523,-0.23212475170799746,0.2888473986188538
present effect,261,-0.02522027094103523,-0.2888473986188538,0.23212475170799746
absent effect,262,0.022810024073209124,-0.23640606418913573,0.28494292613609
present effect,262,-0.022810024073209124,-0.28494292613609,0.23640606418913573
absent effect,263,0.020629811173428096,-0.23908548374192817,0.28329109333276375
present effect,263,-0.020629811173428096,-0.28329109333276375,0.23908548374192817
absent effect,264,0.018412201782948827,-0.24016750414837507,0.2829697467486309
present effect,264,-0.018412201782948827,-0.2829697467486309,0.24016750414837507
absent effect,265,0.016185962977704228,-0.24262156588925998,0.2815332621885662
present effect,265,-0.016185962977704228,-0.2815332621885662,0.24262156588925998
absent effect,266,0.013821863358552192,-0.2434929158412577,0.28161477558564796
present effect,266,-0.013821863358552192,-0.28161477558564796,0.2434929158412577
absent effect,267,0.011511171310184677,-0.24673387844619454,0.27952159487999095
present effect,267,-0.011511171310184677,-0.27952159487999095,0.24673387844619454
absent effect,268,0.00915889824169501,-0.2483437669863755,0.27877216197584054
present effect,268,-0.00915889824169501,-0.27877216197584054,0.2483437669863755
absent effect,269,0.006693632132017548,-0.25401234704971776,0.27389248613988193
present effect,269,-0.006693632132017548,-0.27389248613988193,0.25401234704971776
absent effect,270,0.00404002999454614,-0.24855798268581125,0.28022777770096985
present effect,270,-0.00404002999454614,-0.28022777770096985,0.24855798268581125
absent effect,271,0.0013876276195619458,-0.26320258401826263,0.2664693366385258
present effect,271,-0.0013876276195619458,-0.2664693366385258,0.26320258401826263
absent effect,272,-0.0013829152942485858,-0.2699370215270621,0.26044127761119074
present effect,272,0.0013829152942485858,-0.26044127761119074,0.2699370215270621
absent effect,273,-0.0041700301786578645,-0.2740693591322443,0.25747735403346234
present effect,273,0.0041700301786578645,-0.25747735403346234,0.2740693591322443
absent effect,274,-0.0065863008350914715,-0.27715976340162973,0.2560050341593889
present effect,274,0.0065863008350914715,-0.2560050341593889,0.27715976340162973
absent effect,275,-0.009349399159273483,-0.2805219767345291,0.25444331496146894
present effect,275,0.009349399159273483,-0.25444331496146894,0.2805219767345291
absent effect,276,-0.012110460579789616,-0.2758777261951115,0.2602125642264661
present effect,276,0.012110460579789616,-0.2602125642264661,0.2758777261951115
absent effect,277,-0.01477821330262133,-0.29048899871470635,0.24660252170479255
present effect,277,0.01477821330262133,-0.24660252170479255,0.29048899871470635
absent effect,278,-0.01738139700679829,-0.29209307236339704,0.24635559182344974
present effect,278,0.01738139700679829,-0.24635559182344974,0.29209307236339704
absent effect,279,-0.02052026095927379,-0.2959519000722971,0.2437955915150526
present effect,279,0.02052026095927379,-0.2437955915150526,0.2959519000722971
absent effect,280,-0.023318735136721655,-0.2988517405117774,0.24192130087384708
present effect,280,0.023318735136721655,-0.24192130087384708,0.2988517405117774
absent effect,281,-0.02614343979337541,-0.30217491615573866,0.240199991247614
present effect,281,0.02614343979337541,-0.240199991247614,0.30217491615573866
absent effect,282,-0.02903431615740938,-0.29197860621351895,0.25087932790567674
present effect,282,0.02903431615740938,-0.25087932790567674,0.29197860621351895
absent effect,283,-0.031755649938186116,-0.29926298201520074,0.24416488474347464
present effect,283,0.031755649938186116,-0.24416488474347464,0.29926298201520074
absent effect,284,-0.03458754012818686,-0.30304116686169147,0.24078874270153033
present effect,284,0.03458754012818686,-0.24078874270153033,0.30304116686169147
absent effect,285,-0.03759647482368926,-0.3072918033316303,0.23747059241153273
present effect,285,0.03759647482368926,-0.23747059241153273,0.3072918033316303
absent effect,286,-0.04053425672718384,-0.309841318271776,0.23643566599351373
present effect,286,0.04053425672718384,-0.23643566599351373,0.309841318271776
absent effect,287,-0.043594793635171374,-0.3095445232392876,0.2384317974268284
present effect,287,0.043594793635171374,-0.2384317974268284,0.3095445232392876
absent effect,288,-0.046388163992319334,-0.31909732439234784,0.22987900572202363
present effect,288,0.046388163992319334,-0.22987900572202363,0.31909732439234784
absent effect,289,-0.049770867128118665,-0.3248399350370424,0.22481025673739782
present effect,289,0.049770867128118665,-0.22481025673739782,0.3248399350370424
absent effect,290,-0.05254991501354512,-0.3282217374009612,0.22229412563325066
present effect,290,0.05254991501354512,-0.22229412563325066,0.3282217374009612
absent effect,291,-0.055670320941478696,-0.3306991525479321,0.2214918736556406
present effect,291,0.055670320941478696,-0.2214918736556406,0.3306991525479321
absent effect,292,-0.05844070739933467,-0.33834437820906726,0.21547343649939743
present effect,292,0.05844070739933467,-0.21547343649939743,0.33834437820906726
absent effect,293,-0.061489823512876844,-0.33662053317890583,0.21830273065459088
present effect,293,0.061489823512876844,-0.21830273065459088,0.33662053317890583
absent effect,294,-0.064629934458606,-0.34169851210277985,0.21407572694294563
present effect,294,0.064629934458606,-0.21407572694294563,0.34169851210277985
absent effect,295,-0.0676433904186874,-0.34378519606534014,0.21395843792508995
present effect,295,0.0676433904186874,-0.21395843792508995,0.34378519606534014
absent effect,296,-0.07049621034864388,-0.35461718201197123,0.20500365417936028
present effect,296,0.07049621034864388,-0.20500365417936028,0.35461718201197123
absent effect,297,-0.07349313289274095,-0.3607331387513627,0.20041031591528632
present effect,297,0.07349313289274095,-0.20041031591528632,0.3607331387513627
absent effect,298,-0.0764742679709515,-0.36821260014110985,0.19428765818796176
present effect,298,0.0764742679709515,-0.19428765818796176,0.36821260014110985
absent effect,299,-0.07973505235190147,-0.3712420711940172,0.19298131760097795
present effect,299,0.07973505235190147,-0.19298131760097795,0.3712420711940172
absent effect,300,-0.08278490726807847,-0.3739053027422935,0.19179695895503573
present effect,300,0.08278490726807847,-0.19179695895503573,0.3739053027422935
absent effect,301,-0.08586084183645493,-0.3762334390918278,0.19147153594046284
present effect,301,0.08586084183645493,-0.19147153594046284,0.3762334390918278
absent effect,302,-0.08902760737233227,-0.3716141962591772,0.19759422290879813
present effect,302,0.08902760737233227,-0.19759422290879813,0.3716141962591772
absent effect,303,-0.09186614815718139,-0.37523656443184106,0.19514080673550452
present effect,303,0.09186614815718139,-0.19514080673550452,0.37523656443184106
absent effect,304,-0.09496762969873182,-0.38113306417211534,0.19185897883430694
present effect,304,0.09496762969873182,-0.19185897883430694,0.38113306417211534
absent effect,305,-0.09808130422057917,-0.3900822631502039,0.18558569144264234
present effect,305,0.09808130422057917,-0.18558569144264234,0.3900822631502039
absent effect,306,-0.1010185551351091,-0.39120597700578735,0.1866202977678144
present effect,306,0.1010185551351091,-0.1866202977678144,0.39120597700578735
absent effect,307,-0.10428749481817388,-0.40000029117441405,0.18002815488570745
present effect,307,0.10428749481817388,-0.18002815488570745,0.40000029117441405
absent effect,308,-0.10731027476585635,-0.40929480845442,0.17244719852241303
present effect,308,0.10731027476585635,-0.17244719852241303,0.40929480845442
absent effect,309,-0.11040151590919207,-0.4010315423901698,0.1826729331705344
present effect,309,0.11040151590919207,-0.1826729331705344,0.4010315423901698
absent effect,310,-0.1135225179612783,-0.4034897815535887,0.18163837157092072
present effect,310,0.1135225179612783,-0.18163837157092072,0.4034897815535887
absent effect,311,-0.11650336038718093,-0.41581113961597893,0.17186037668205584
present effect,311,0.11650336038718093,-0.17186037668205584,0.41581113961597893
absent effect,312,-0.1194527086387121,-0.4184586454872507,0.17001036108433853
present effect,312,0.1194527086387121,-0.17001036108433853,0.4184586454872507
absent effect,313,-0.1226729297571085,-0.42887126988002766,0.16142043028558373
present effect,313,0.1226729297571085,-0.16142043028558373,0.42887126988002766
absent effect,314,-0.1257006466089041,-0.43314164390802423,0.15993913673409932
present effect,314,0.1257006466089041,-0.15993913673409932,0.43314164390802423
absent effect,315,-0.12844875056678168,-0.4260620172321827,0.16949082087080852
present effect,315,0.12844875056678168,-0.16949082087080852,0.4260620172321827
absent effect,316,-0.1316972464393669,-0.4335880094202617,0.16368721014425336
present effect,316,0.1316972464393669,-0.16368721014425336,0.4335880094202617
absent effect,317,-0.13478300266631302,-0.43152681539383064,0.16813915145668246
present effect,317,0.13478300266631302,-0.16813915145668246,0.43152681539383064
absent effect,318,-0.13773926214493648,-0.44660975840050104,0.15378684489111571
present effect,318,0.13773926214493648,-0.15378684489111571,0.44660975840050104
absent effect,319,-0.1407065956313326,-0.4505768571994453,0.15208106047549702
present effect,319,0.1407065956313326,-0.15208106047549702,0.4505768571994453
absent effect,320,-0.1432609671227802,-0.45429520029116954,0.15080591280472141
present effect,320,0.1432609671227802,-0.15080591280472141,0.45429520029116954
absent effect,321,-0.14592324775818488,-0.45952063760027556,0.14864567550137375
present effect,321,0.14592324775818488,-0.14864567550137375,0.45952063760027556
absent effect,322,-0.14911899590863156,-0.46533782082557945,0.14509711027260958
present effect,322,0.14911899590863156,-0.14509711027260958,0.46533782082557945
absent effect,323,-0.15198898957105947,-0.46770924018545956,0.14624015083803532
present effect,323,0.15198898957105947,-0.14624015083803532,0.46770924018545956
absent effect,324,-0.15480543589608503,-0.47196584986197226,0.1454657389350305
present effect,324,0.15480543589608503,-0.1454657389350305,0.47196584986197226
absent effect,325,-0.1577688632190291,-0.47895249056390304,0.1416262551183738
present effect,325,0.1577688632190291,-0.1416262551183738,0.47895249056390304
absent effect,326,-0.16065470289455214,-0.4821861041312053,0.1411683450588173
present effect,326,0.16065470289455214,-0.1411683450588173,0.4821861041312053
absent effect,327,-0.16355020411399118,-0.492862089184488,0.1335773414874485
present effect,327,0.16355020411399118,-0.1335773414874485,0.492862089184488
absent effect,328,-0.1658994842689771,-0.497473549926011,0.1312301243631257
present effect,328,0.1658994842689771,-0.1312301243631257,0.497473549926011
absent effect,329,-0.1688537765391691,-0.5017520907671343,0.1300050291176658
present effect,329,0.1688537765391691,-0.1300050291176658,0.5017520907671343
absent effect,330,-0.17144133838833567,-0.503496605469389,0.13131575816543867
present effect,330,0.17144133838833567,-0.13131575816543867,0.503496605469389
absent effect,331,-0.17422804828061267,-0.5055711709243778,0.13206177073217612
present effect,331,0.17422804828061267,-0.13206177073217612,0.5055711709243778
absent effect,332,-0.1768726136559395,-0.5024512831602931,0.13802108547872877
present effect,332,0.1768726136559395,-0.13802108547872877,0.5024512831602931
absent effect,333,-0.1794926230633145,-0.5104531261088011,0.13223238186122027
present effect,333,0.1794926230633145,-0.13223238186122027,0.5104531261088011
absent effect,334,-0.1821429435318072,-0.5149605937821983,0.1304720738097604
present effect,334,0.1821429435318072,-0.1304720738097604,0.5149605937821983
absent effect,335,-0.1846761018830263,-0.5209473979785759,0.12743972802212472
present effect,335,0.1846761018830263,-0.12743972802212472,0.5209473979785759
absent effect,336,-0.18724796496024496,-0.5230637428629328,0.1288119208255477
present effect,336,0.18724796496024496,-0.1288119208255477,0.5230637428629328
absent effect,337,-0.18989009342543844,-0.5292119573209666,0.12462553864138387
present effect,337,0.18989009342543844,-0.12462553864138387,0.5292119573209666
absent effect,338,-0.19245577869354724,-0.5347817894809935,0.12283360139359217
present effect,338,0.19245577869354724,-0.12283360139359217,0.5347817894809935
absent effect,339,-0.1948736548929489,-0.5378299462259244,0.12265657498715035
present effect,339,0.1948736548929489,-0.12265657498715035,0.5378299462259244
absent effect,340,-0.19764812116665234,-0.5444238466046271,0.11901034325185475
present effect,340,0.19764812116665234,-0.11901034325185475,0.5444238466046271
absent effect,341,-0.20001871937503296,-0.5410365392713478,0.12563653664682803
present effect,341,0.20001871937503296,-0.12563653664682803,0.5410365392713478
absent effect,342,-0.20257725536947568,-0.5436693670510473,0.12486266644490544
present effect,342,0.20257725536947568,-0.12486266644490544,0.5436693670510473
absent effect,343,-0.20500380339431298,-0.5477641790321817,0.12360132318129799
present effect,343,0.20500380339431298,-0.12360132318129799,0.5477641790321817
absent effect,344,-0.2074105818174851,-0.5579955533727727,0.11656716341200787
present effect,344,0.2074105818174851,-0.11656716341200787,0.5579955533727727
absent effect,345,-0.20983558214449616,-0.5588341576968622,0.11750616198346678
present effect,345,0.20983558214449616,-0.11750616198346678,0.5588341576968622
absent effect,346,-0.21230369228019527,-0.5612165569151898,0.11760291906291218
present effect,346,0.21230369228019527,-0.11760291906291218,0.5612165569151898
absent effect,347,-0.21441697280710129,-0.5616774917475854,0.12072371632436918
present effect,347,0.21441697280710129,-0.12072371632436918,0.5616774917475854
absent effect,348,-0.21710561078064675,-0.5656303508423359,0.11959035054236711
present effect,348,0.21710561078064675,-0.11959035054236711,0.5656303508423359
absent effect,349,-0.21919494446732316,-0.5705137061661983,0.1182714354392378
present effect,349,0.21919494446732316,-0.1182714354392378,0.5705137061661983
absent effect,350,-0.2215460155539336,-0.5722675530316648,0.12020209296539106
present effect,350,0.2215460155539336,-0.12020209296539106,0.5722675530316648
absent effect,351,-0.2238020408506912,-0.5833340556339816,0.11229110850970823
present effect,351,0.2238020408506912,-0.11229110850970823,0.5833340556339816
absent effect,352,-0.22595020229100946,-0.5896140462075681,0.10869660748621647
present effect,352,0.22595020229100946,-0.10869660748621647,0.5896140462075681
absent effect,353,-0.2283765642312235,-0.592807353403346,0.10859267757475277
present effect,353,0.2283765642312235,-0.10859267757475277,0.592807353403346
absent effect,354,-0.230698863948601,-0.5991357672838905,0.10595449441035518
present effect,354,0.230698863948601,-0.10595449441035518,0.5991357672838905
absent effect,355,-0.2326745496935242,-0.6039685328494914,0.10471489378380024
present effect,355,0.2326745496935242,-0.10471489378380024,0.6039685328494914
absent effect,356,-0.23481003808888784,-0.6070537396034817,0.1055070304345243
present effect,356,0.23481003808888784,-0.1055070304345243,0.6070537396034817
absent effect,357,-0.236778302035716,-0.6078747274315041,0.10698559425158599
present effect,357,0.236778302035716,-0.10698559425158599,0.6078747274315041
absent effect,358,-0.2386509274579062,-0.6117504188509445,0.10645013616879319
present effect,358,0.2386509274579062,-0.10645013616879319,0.6117504188509445
absent effect,359,-0.24050473018973129,-0.6139504442269069,0.1070831417655649
present effect,359,0.24050473018973129,-0.1070831417655649,0.6139504442269069
absent effect,360,-0.24247514616613935,-0.6228898508855819,0.10101860139345148
present effect,360,0.24247514616613935,-0.10101860139345148,0.6228898508855819
absent effect,361,-0.2446140577410351,-0.6247266345702193,0.10235785516679091
present effect,361,0.2446140577410351,-0.10235785516679091,0.6247266345702193
absent effect,362,-0.2465796222222561,-0.6301756596889939,0.09955746432686044
present effect,362,0.2465796222222561,-0.09955746432686044,0.6301756596889939
absent effect,363,-0.24858397702811247,-0.6276807148554026,0.10456317476686819
present effect,363,0.24858397702811247,-0.10456317476686819,0.6276807148554026
absent effect,364,-0.2501680124349421,-0.6282552723917242,0.10612774005523873
present effect,364,0.2501680124349421,-0.10612774005523873,0.6282552723917242
absent effect,365,-0.2520002244708772,-0.6349172655861686,0.10183350704992927
present effect,365,0.2520002244708772,-0.10183350704992927,0.6349172655861686
absent effect,366,-0.25393034924561564,-0.6358111437465054,0.1035349908555172
present effect,366,0.25393034924561564,-0.1035349908555172,0.6358111437465054
absent effect,367,-0.25588678904760687,-0.6405976616017759,0.10120534137661372
present effect,367,0.25588678904760687,-0.10120534137661372,0.6405976616017759
absent effect,368,-0.25773212356123143,-0.6442647395908153,0.10077229087708622
present effect,368,0.25773212356123143,-0.10077229087708622,0.6442647395908153
absent effect,369,-0.2595922583011907,-0.6431755628969676,0.10451617263755986
present effect,369,0.2595922583011907,-0.10451617263755986,0.6431755628969676
absent effect,370,-0.2616613002587379,-0.6488843305893937,0.10203819590616112
present effect,370,0.2616613002587379,-0.10203819590616112,0.6488843305893937
absent effect,371,-0.2632741116556504,-0.6492301695123559,0.10464869210849764
present effect,371,0.2632741116556504,-0.10464869210849764,0.6492301695123559
absent effect,372,-0.26481692915547644,-0.6520550292150742,0.10417678824903565
present effect,372,0.26481692915547644,-0.10417678824903565,0.6520550292150742
absent effect,373,-0.2662903905201542,-0.6539132258906419,0.10520571090624972
present effect,373,0.2662903905201542,-0.10520571090624972,0.6539132258906419
absent effect,374,-0.26822447010760286,-0.6597268729650366,0.1030614672019011
present effect,374,0.26822447010760286,-0.1030614672019011,0.6597268729650366
absent effect,375,-0.2694361660003135,-0.6663899474739262,0.0990864150093124
present effect,375,0.2694361660003135,-0.0990864150093124,0.6663899474739262
absent effect,376,-0.27135726403336946,-0.6619804767715152,0.10663233587687335
present effect,376,0.27135726403336946,-0.10663233587687335,0.6619804767715152
absent effect,377,-0.27268357446088454,-0.6652177837138588,0.10621567438678152
present effect,377,0.27268357446088454,-0.10621567438678152,0.6652177837138588
absent effect,378,-0.27426544471933134,-0.6664284051643627,0.10835773710992098
present effect,378,0.27426544471933134,-0.10835773710992098,0.6664284051643627
absent effect,379,-0.2754504520553246,-0.6653022775286779,0.11212912019823452
present effect,379,0.2754504520553246,-0.11212912019823452,0.6653022775286779
absent effect,380,-0.276610566033642,-0.6861618909431411,0.09410497938510773
present effect,380,0.276610566033642,-0.09410497938510773,0.6861618909431411
absent effect,381,-0.27773886529746394,-0.6768518438863005,0.10545770563060568
present effect,381,0.27773886529746394,-0.10545770563060568,0.6768518438863005
absent effect,382,-0.2787971825702588,-0.6789465600018577,0.10598402297451909
present effect,382,0.2787971825702588,-0.10598402297451909,0.6789465600018577
absent effect,383,-0.27998963196703974,-0.6845730912828571,0.10256445546022659
present effect,383,0.27998963196703974,-0.10256445546022659,0.6845730912828571
absent effect,384,-0.28102010849091813,-0.6921431683115312,0.09795319185527011
present effect,384,0.28102010849091813,-0.09795319185527011,0.6921431683115312
absent effect,385,-0.28212405440008914,-0.7051146676683816,0.08675305075857112
present effect,385,0.28212405440008914,-0.08675305075857112,0.7051146676683816
absent effect,386,-0.283111186929587,-0.6795697056004749,0.11386738727162926
present effect,386,0.283111186929587,-0.11386738727162926,0.6795697056004749
absent effect,387,-0.2842912310786614,-0.6826144380974104,0.11370287384777444
present effect,387,0.2842912310786614,-0.11370287384777444,0.6826144380974104
absent effect,388,-0.2850273329999494,-0.6840718345882758,0.11450972629933745
present effect,388,0.2850273329999494,-0.11450972629933745,0.6840718345882758
absent effect,389,-0.28584591466510606,-0.6919115951341083,0.1085962306046074
present effect,389,0.28584591466510606,-0.1085962306046074,0.6919115951341083
absent effect,390,-0.28703016020407873,-0.692298572479296,0.11096038977271842
present effect,390,0.28703016020407873,-0.11096038977271842,0.692298572479296
absent effect,391,-0.2881168701637371,-0.7030850545633612,0.10219867719751592
present effect,391,0.2881168701637371,-0.10219867719751592,0.7030850545633612
absent effect,392,-0.2888684598260873,-0.712517408953671,0.09373513962199102
present effect,392,0.2888684598260873,-0.09373513962199102,0.712517408953671
absent effect,393,-0.2897456168435816,-0.7106864042142893,0.09754213913496453
present effect,393,0.2897456168435816,-0.09754213913496453,0.7106864042142893
absent effect,394,-0.29024291319468914,-0.71588419919214,0.09467112656024923
present effect,394,0.29024291319468914,-0.09467112656024923,0.71588419919214
absent effect,395,-0.291039265627654,-0.7066621182351889,0.1056704049554589
present effect,395,0.291039265627654,-0.1056704049554589,0.7066621182351889
absent effect,396,-0.29155021746068155,-0.7112462350187633,0.10272969970475584
present effect,396,0.29155021746068155,-0.10272969970475584,0.7112462350187633
absent effect,397,-0.29224292993566947,-0.7137877130774897,0.10230767990236839
present effect,397,0.29224292993566947,-0.10230767990236839,0.7137877130774897
absent effect,398,-0.2928659286633277,-0.7113407914228862,0.10705863639416843
present effect,398,0.2928659286633277,-0.10705863639416843,0.7113407914228862
absent effect,399,-0.29360149591820917,-0.7096987064141063,0.11120507325351306
present effect,399,0.29360149591820917,-0.11120507325351306,0.7096987064141063
absent effect,400,-0.2939503530173911,-0.7120449789386595,0.1116866167965483
present effect,400,0.2939503530173911,-0.1116866167965483,0.7120449789386595
absent effect,401,-0.29437470056455334,-0.7107137658707049,0.11565743525628622
present effect,401,0.29437470056455334,-0.11565743525628622,0.7107137658707049
absent effect,402,-0.29472098296903626,-0.7169468827881826,0.11201624499163314
present effect,402,0.29472098296903626,-0.11201624499163314,0.7169468827881826
absent effect,403,-0.2953560770799778,-0.7152969991353757,0.11534549610540207
present effect,403,0.2953560770799778,-0.11534549610540207,0.7152969991353757
absent effect,404,-0.2954369471911442,-0.7207086589490582,0.1121001225048258
present effect,404,0.2954369471911442,-0.1121001225048258,0.7207086589490582
absent effect,405,-0.29564156981709744,-0.7208050289185931,0.11447303171963999
present effect,405,0.29564156981709744,-0.11447303171963999,0.7208050289185931
absent effect,406,-0.2962366151295419,-0.7229384913021296,0.11471661410362018
present effect,406,0.2962366151295419,-0.11471661410362018,0.7229384913021296
absent effect,407,-0.29637661740137045,-0.7206433129853128,0.11959250718726923
present effect,407,0.29637661740137045,-0.11959250718726923,0.7206433129853128
absent effect,408,-0.2963557075426838,-0.7278933581626498,0.11397514698501794
present effect,408,0.2963557075426838,-0.11397514698501794,0.7278933581626498
absent effect,409,-0.29656750328125,-0.7299384832864706,0.11412326359545891
present effect,409,0.29656750328125,-0.11412326359545891,0.7299384832864706
absent effect,410,-0.29664253088930703,-0.7307666650166185,0.11453900582497238
present effect,410,0.29664253088930703,-0.11453900582497238,0.7307666650166185
absent effect,411,-0.2965850068187898,-0.7314687941575105,0.11593320677618042
present effect,411,0.2965850068187898,-0.11593320677618042,0.7314687941575105
absent effect,412,-0.2964773640966548,-0.7351082175180199,0.1147644698410521
present effect,412,0.2964773640966548,-0.1147644698410521,0.7351082175180199
absent effect,413,-0.29655165675042705,-0.7356427932655558,0.1163193153405127
present effect,413,0.29655165675042705,-0.1163193153405127,0.7356427932655558
absent effect,414,-0.29673842772927816,-0.7357579768706788,0.1174234777199678
present effect,414,0.29673842772927816,-0.1174234777199678,0.7357579768706788
absent effect,415,-0.2966810448762599,-0.7370649091394548,0.11842198663950354
present effect,415,0.2966810448762599,-0.11842198663950354,0.7370649091394548
absent effect,416,-0.29659680382344455,-0.7380182759725036,0.11949543102405596
present effect,416,0.29659680382344455,-0.11949543102405596,0.7380182759725036
absent effect,417,-0.2964034360334735,-0.737916197995995,0.12118413576619444
present effect,417,0.2964034360334735,-0.12118413576619444,0.737916197995995
absent effect,418,-0.296018052911432,-0.7324834777015587,0.12838784124721264
present effect,418,0.296018052911432,-0.12838784124721264,0.7324834777015587
absent effect,419,-0.29597457809157773,-0.7240739964979833,0.138273488113754
present effect,419,0.29597457809157773,-0.138273488113754,0.7240739964979833
absent effect,420,-0.29572883928375676,-0.7264678386369958,0.13799267720016645
present effect,420,0.29572883928375676,-0.13799267720016645,0.7264678386369958
absent effect,421,-0.2954364480624434,-0.7450636281508343,0.12044696258114934
present effect,421,0.2954364480624434,-0.12044696258114934,0.7450636281508343
absent effect,422,-0.2948091460846412,-0.7280742624765746,0.1388288887090358
present effect,422,0.2948091460846412,-0.1388288887090358,0.7280742624765746
absent effect,423,-0.29411209764129165,-0.7327549129111232,0.13582774185642085
present effect,423,0.29411209764129165,-0.13582774185642085,0.7327549129111232
absent effect,424,-0.2937002755828835,-0.7313188743801459,0.13804307559468837
present effect,424,0.2937002755828835,-0.13804307559468837,0.7313188743801459
absent effect,425,-0.29317198723909654,-0.7302433458325668,0.14075714506889114
present effect,425,0.29317198723909654,-0.14075714506889114,0.7302433458325668
absent effect,426,-0.29266661646585246,-0.7323480118903415,0.1400231398633388
present effect,426,0.29266661646585246,-0.1400231398633388,0.7323480118903415
absent effect,427,-0.2922079655363711,-0.7327489748145402,0.14134341142569287
present effect,427,0.2922079655363711,-0.14134341142569287,0.7327489748145402
absent effect,428,-0.29135794043355956,-0.733348748286832,0.14241912049587915
present effect,428,0.29135794043355956,-0.14241912049587915,0.733348748286832
absent effect,429,-0.2906106865285991,-0.7319830123937577,0.14582728005555706
present effect,429,0.2906106865285991,-0.14582728005555706,0.7319830123937577
absent effect,430,-0.2902338586925509,-0.734793800232924,0.14387150240847504
present effect,430,0.2902338586925509,-0.14387150240847504,0.734793800232924
absent effect,431,-0.28923691384996075,-0.7368901795841163,0.1432131110876628
present effect,431,0.28923691384996075,-0.1432131110876628,0.7368901795841163
absent effect,432,-0.2885189676179923,-0.7362437632646577,0.14516276409349976
present effect,432,0.2885189676179923,-0.14516276409349976,0.7362437632646577
absent effect,433,-0.28756668651753126,-0.7323127505635088,0.15095895889041822
present effect,433,0.28756668651753126,-0.15095895889041822,0.7323127505635088
absent effect,434,-0.2867463103841672,-0.7291744468177315,0.155044773386805
present effect,434,0.2867463103841672,-0.155044773386805,0.7291744468177315
absent effect,435,-0.2858553842581219,-0.7296057066626015,0.1558423415630294
present effect,435,0.2858553842581219,-0.1558423415630294,0.7296057066626015
absent effect,436,-0.2848114838287016,-0.7319652992252531,0.15532426970445407
present effect,436,0.2848114838287016,-0.15532426970445407,0.7319652992252531
absent effect,437,-0.2833769918562008,-0.7333334597210772,0.1547895684124987
present effect,437,0.2833769918562008,-0.1547895684124987,0.7333334597210772
absent effect,438,-0.2822578059840121,-0.7403692239649113,0.14939861872217886
present effect,438,0.2822578059840121,-0.14939861872217886,0.7403692239649113
absent effect,439,-0.2812860063934288,-0.7383868446662126,0.15315434756736354
present effect,439,0.2812860063934288,-0.15315434756736354,0.7383868446662126
absent effect,440,-0.2802368234971231,-0.7379780115576919,0.15478809409765973
present effect,440,0.2802368234971231,-0.15478809409765973,0.7379780115576919
absent effect,441,-0.2793676863829132,-0.745813011539069,0.14756741023862538
present effect,441,0.2793676863829132,-0.14756741023862538,0.745813011539069
absent effect,442,-0.2780215329432941,-0.7433916030504297,0.15105608524669606
present effect,442,0.2780215329432941,-0.15105608524669606,0.7433916030504297
absent effect,443,-0.27684795993068345,-0.7396849834200613,0.15553766824157572
present effect,443,0.27684795993068345,-0.15553766824157572,0.7396849834200613
absent effect,444,-0.27556192357680054,-0.7335306130126137,0.1616287037100503
present effect,444,0.27556192357680054,-0.1616287037100503,0.7335306130126137
absent effect,445,-0.2739816835359157,-0.734228784468312,0.16111024929987
present effect,445,0.2739816835359157,-0.16111024929987,0.734228784468312
absent effect,446,-0.27248404277561417,-0.7331892993130956,0.16318198684787633
present effect,446,0.27248404277561417,-0.16318198684787633,0.7331892993130956
absent effect,447,-0.2711706194496657,-0.7297365357429131,0.168600448421038
present effect,447,0.2711706194496657,-0.168600448421038,0.7297365357429131
absent effect,448,-0.269519480480211,-0.7290153154215689,0.1706736390626564
present effect,448,0.269519480480211,-0.1706736390626564,0.7290153154215689
absent effect,449,-0.2677308605454012,-0.7301700167126538,0.17133031981149083
present effect,449,0.2677308605454012,-0.17133031981149083,0.7301700167126538
absent effect,450,-0.2659396676106932,-0.7409349285599044,0.16093003175043663
present effect,450,0.2659396676106932,-0.16093003175043663,0.7409349285599044
absent effect,451,-0.2642824010994238,-0.7388919209165953,0.16313558008464454
present effect,451,0.2642824010994238,-0.16313558008464454,0.7388919209165953
absent effect,452,-0.2626689112104068,-0.7422555684770945,0.16170309306410416
present effect,452,0.2626689112104068,-0.16170309306410416,0.7422555684770945
absent effect,453,-0.26122096503960535,-0.7404471950290222,0.1647535434342873
present effect,453,0.26122096503960535,-0.1647535434342873,0.7404471950290222
absent effect,454,-0.25922680976904067,-0.7366503973412403,0.1698055622686264
present effect,454,0.25922680976904067,-0.1698055622686264,0.7366503973412403
absent effect,455,-0.25744331582223035,-0.7331166526275881,0.17392164805532417
present effect,455,0.25744331582223035,-0.17392164805532417,0.7331166526275881
absent effect,456,-0.2553988510231302,-0.7323302559582852,0.1766544102480903
present effect,456,0.2553988510231302,-0.1766544102480903,0.7323302559582852
absent effect,457,-0.2536627313094197,-0.7294795439065791,0.18069033495871112
present effect,457,0.2536627313094197,-0.18069033495871112,0.7294795439065791
absent effect,458,-0.25217055529579,-0.7193036311170018,0.19120784437934657
present effect,458,0.25217055529579,-0.19120784437934657,0.7193036311170018
absent effect,459,-0.25004750697032463,-0.7288309907609688,0.1829515073752831
present effect,459,0.25004750697032463,-0.1829515073752831,0.7288309907609688
absent effect,460,-0.2481426210127859,-0.7262833298726599,0.18645957681386002
present effect,460,0.2481426210127859,-0.18645957681386002,0.7262833298726599
absent effect,461,-0.24610593432718175,-0.7212884699092003,0.19258746993928988
present effect,461,0.24610593432718175,-0.19258746993928988,0.7212884699092003
absent effect,462,-0.24421323901923347,-0.7285320284822646,0.18572554355448395
present effect,462,0.24421323901923347,-0.18572554355448395,0.7285320284822646
absent effect,463,-0.2424697373645508,-0.7277398252257707,0.1874642972829295
present effect,463,0.2424697373645508,-0.1874642972829295,0.7277398252257707
absent effect,464,-0.24034673831316733,-0.7157020570229521,0.19982254720969875
present effect,464,0.24034673831316733,-0.19982254720969875,0.7157020570229521
absent effect,465,-0.23816753272526284,-0.7138424759744545,0.20278513741546034
present effect,465,0.23816753272526284,-0.20278513741546034,0.7138424759744545
absent effect,466,-0.23571496429971067,-0.7214801228227012,0.19632675551994255
present effect,466,0.23571496429971067,-0.19632675551994255,0.7214801228227012
absent effect,467,-0.23358060285968058,-0.715677724535995,0.20295520606571144
present effect,467,0.23358060285968058,-0.20295520606571144,0.715677724535995
absent effect,468,-0.2311068083755821,-0.7174423718159879,0.2021869415718635
present effect,468,0.2311068083755821,-0.2021869415718635,0.7174423718159879
absent effect,469,-0.22895272152101687,-0.718105518661284,0.20345405713262504
present effect,469,0.22895272152101687,-0.20345405713262504,0.718105518661284
absent effect,470,-0.22673440774594417,-0.6977401248927804,0.22502158039325976
present effect,470,0.22673440774594417,-0.22502158039325976,0.6977401248927804
absent effect,471,-0.22437277647162623,-0.7005169001698784,0.2233593552559478
present effect,471,0.22437277647162623,-0.2233593552559478,0.7005169001698784
absent effect,472,-0.22260742730076286,-0.696948852798615,0.22729244740876176
present effect,472,0.22260742730076286,-0.22729244740876176,0.696948852798615
absent effect,473,-0.2203470023187019,-0.6912622454147719,0.23339037526849904
present effect,473,0.2203470023187019,-0.23339037526849904,0.6912622454147719
absent effect,474,-0.21786413471600763,-0.6851000515670458,0.240141035641318
present effect,474,0.21786413471600763,-0.240141035641318,0.6851000515670458
absent effect,475,-0.21499700215107515,-0.6828598173025594,0.24436246158975133
present effect,475,0.21499700215107515,-0.24436246158975133,0.6828598173025594
absent effect,476,-0.21204904529533675,-0.6832307737850778,0.2460298362401679
present effect,476,0.21204904529533675,-0.2460298362401679,0.6832307737850778
absent effect,477,-0.2096643412803919,-0.6823380513353555,0.2488427155602521
present effect,477,0.2096643412803919,-0.2488427155602521,0.6823380513353555
absent effect,478,-0.20645179540145836,-0.6905276809573624,0.24157611946534835
present effect,478,0.20645179540145836,-0.24157611946534835,0.6905276809573624
absent effect,479,-0.2041472759725758,-0.6863281883814869,0.24613860454359274
present effect,479,0.2041472759725758,-0.24613860454359274,0.6863281883814869
absent effect,480,-0.2015051056596715,-0.6818652144984114,0.2515092711578475
present effect,480,0.2015051056596715,-0.2515092711578475,0.6818652144984114
absent effect,481,-0.19817400529387738,-0.6796987447110011,0.2552134961952428
present effect,481,0.19817400529387738,-0.2552134961952428,0.6796987447110011
absent effect,482,-0.19566351858205677,-0.6726717506293843,0.26446397116220444
present effect,482,0.19566351858205677,-0.26446397116220444,0.6726717506293843
absent effect,483,-0.19279508089684452,-0.6823308714593037,0.2563950990751686
present effect,483,0.19279508089684452,-0.2563950990751686,0.6823308714593037
absent effect,484,-0.18941944373345465,-0.6823892234461896,0.2573843933129279
present effect,484,0.18941944373345465,-0.2573843933129279,0.6823892234461896
absent effect,485,-0.186625433366503,-0.6788833608484912,0.2611230120742619
present effect,485,0.186625433366503,-0.2611230120742619,0.6788833608484912
absent effect,486,-0.18392967130300325,-0.6679885181404767,0.27454473175254124
present effect,486,0.18392967130300325,-0.27454473175254124,0.6679885181404767
absent effect,487,-0.18104311070562365,-0.6683667222436567,0.27615638994372727
present effect,487,0.18104311070562365,-0.27615638994372727,0.6683667222436567
absent effect,488,-0.1778514473528381,-0.6716874854091793,0.2741367143749276
present effect,488,0.1778514473528381,-0.2741367143749276,0.6716874854091793
absent effect,489,-0.17463760908385448,-0.6637361434370519,0.28414466423733
present effect,489,0.17463760908385448,-0.28414466423733,0.6637361434370519
absent effect,490,-0.1715872924353457,-0.6621606017736813,0.2876615204443618
present effect,490,0.1715872924353457,-0.2876615204443618,0.6621606017736813
absent effect,491,-0.16829098917219687,-0.663112202500312,0.2891200666619551
present effect,491,0.16829098917219687,-0.2891200666619551,0.663112202500312
absent effect,492,-0.16538368068034262,-0.6470128475190976,0.30631489913763027
present effect,492,0.16538368068034262,-0.30631489913763027,0.6470128475190976
absent effect,493,-0.1622192817850444,-0.6475073695530319,0.307639365295982
present effect,493,0.1622192817850444,-0.307639365295982,0.6475073695530319
absent effect,494,-0.15890773325176255,-0.6460460057771055,0.3107038589732012
present effect,494,0.15890773325176255,-0.3107038589732012,0.6460460057771055
absent effect,495,-0.15574943365091187,-0.6414993674693648,0.31712049613133164
present effect,495,0.15574943365091187,-0.31712049613133164,0.6414993674693648
absent effect,496,-0.1526983307699052,-0.6385257084947265,0.32326640177086946
present effect,496,0.1526983307699052,-0.32326640177086946,0.6385257084947265
absent effect,497,-0.149619805436735,-0.6373094662931786,0.32851041783312157
present effect,497,0.149619805436735,-0.32851041783312157,0.6373094662931786
absent effect,498,-0.14576102405073305,-0.6399009314964849,0.3303756175129582
present effect,498,0.14576102405073305,-0.3303756175129582,0.6399009314964849
absent effect,499,-0.1421659353939996,-0.6280567527945651,0.3460192271755528
present effect,499,0.1421659353939996,-0.3460192271755528,0.6280567527945651
absent effect,500,-0.13876400517268217,-0.6232318796165398,0.3542521078324459
present effect,500,0.13876400517268217,-0.3542521078324459,0.6232318796165398
absent effect,501,-0.1355385324772234,-0.6242372909421217,0.3560229809924338
present effect,501,0.1355385324772234,-0.3560229809924338,0.6242372909421217
absent effect,502,-0.13175327275024856,-0.6186647919903588,0.36496248837399636
present effect,502,0.13175327275024856,-0.36496248837399636,0.6186647919903588
absent effect,503,-0.12821880869786023,-0.6160418558417593,0.3707822382798417
present effect,503,0.12821880869786023,-0.3707822382798417,0.6160418558417593
absent effect,504,-0.12513011005188562,-0.6174873862731958,0.374274945162182
present effect,504,0.12513011005188562,-0.374274945162182,0.6174873862731958
absent effect,505,-0.12142783811601066,-0.6193557449297329,0.37556379122324735
present effect,505,0.12142783811601066,-0.37556379122324735,0.6193557449297329
absent effect,506,-0.11814960219353941,-0.626701946692413,0.3719238732642373
present effect,506,0.11814960219353941,-0.3719238732642373,0.626701946692413
absent effect,507,-0.11448598147594971,-0.6172473410921482,0.38459721918952067
present effect,507,0.11448598147594971,-0.38459721918952067,0.6172473410921482
absent effect,508,-0.11104796794011948,-0.6174105572555916,0.3872298504898329
present effect,508,0.11104796794011948,-0.3872298504898329,0.6174105572555916
absent effect,509,-0.10713819719690347,-0.617204824847463,0.39273551952770314
present effect,509,0.10713819719690347,-0.39273551952770314,0.617204824847463
absent effect,510,-0.10370887502779408,-0.6132844649231036,0.4012545332108892
present effect,510,0.10370887502779408,-0.4012545332108892,0.6132844649231036
absent effect,511,-0.10050537732808112,-0.6076811466542044,0.41146050356969754
present effect,511,0.10050537732808112,-0.41146050356969754,0.6076811466542044
absent effect,512,-0.09677478876866932,-0.6084113916651637,0.41605383388219014
present effect,512,0.09677478876866932,-0.41605383388219014,0.6084113916651637
absent effect,513,-0.09273218751075618,-0.5898632473640053,0.43928637897070544
present effect,513,0.09273218751075618,-0.43928637897070544,0.5898632473640053
absent effect,514,-0.08926453996176288,-0.6140640750459259,0.4176045202133941
present effect,514,0.08926453996176288,-0.4176045202133941,0.6140640750459259
absent effect,515,-0.08516427379064953,-0.6097434276305173,0.4265795198565967
present effect,515,0.08516427379064953,-0.4265795198565967,0.6097434276305173
absent effect,516,-0.08145332262212626,-0.614476286956109,0.426600601232651
present effect,516,0.08145332262212626,-0.426600601232651,0.614476286956109
absent effect,517,-0.07766788187709543,-0.6007048268354803,0.44503969797541065
present effect,517,0.07766788187709543,-0.44503969797541065,0.6007048268354803
absent effect,518,-0.07422338446987894,-0.598727377073412,0.45133499611569405
present effect,518,0.07422338446987894,-0.45133499611569405,0.598727377073412
absent effect,519,-0.07016205824738939,-0.6057688928202413,0.4487863461197783
present effect,519,0.07016205824738939,-0.4487863461197783,0.6057688928202413
absent effect,520,-0.0664139430443847,-0.6044023584012497,0.4560977431151772
present effect,520,0.0664139430443847,-0.4560977431151772,0.6044023584012497
absent effect,521,-0.062061205188115524,-0.593205350059758,0.47409260108248064
present effect,521,0.062061205188115524,-0.47409260108248064,0.593205350059758
absent effect,522,-0.05803628109605427,-0.5843508553508217,0.48795196539449986
present effect,522,0.05803628109605427,-0.48795196539449986,0.5843508553508217
absent effect,523,-0.054259645931728995,-0.5783508285022029,0.5003420604586258
present effect,523,0.054259645931728995,-0.5003420604586258,0.5783508285022029
absent effect,524,-0.05005408133302641,-0.5948280540562051,0.48943215382781374
present effect,524,0.05005408133302641,-0.48943215382781374,0.5948280540562051
absent effect,525,-0.046427304630071206,-0.595069140777223,0.4941621995101899
present effect,525,0.046427304630071206,-0.4941621995101899,0.595069140777223
absent effect,526,-0.042180727228072624,-0.6003696422543165,0.49642739879499037
present effect,526,0.042180727228072624,-0.49642739879499037,0.6003696422543165
absent effect,527,-0.03850825274413796,-0.5980563240381631,0.5047844616008992
present effect,527,0.03850825274413796,-0.5047844616008992,0.5980563240381631
absent effect,528,-0.0346076880675996,-0.5957055678751837,0.5142938264937496
present effect,528,0.0346076880675996,-0.5142938264937496,0.5957055678751837
absent effect,529,-0.031170593615808907,-0.5855000203032342,0.530020612065823
present effect,529,0.031170593615808907,-0.530020612065823,0.5855000203032342
absent effect,530,-0.02680014959316559,-0.5847606871348389,0.5368231342227198
present effect,530,0.02680014959316559,-0.5368231342227198,0.5847606871348389
absent effect,531,-0.02278917778247446,-0.582962466824304,0.5460073892728072
present effect,531,0.02278917778247446,-0.5460073892728072,0.582962466824304
absent effect,532,-0.018611885899293242,-0.5821243897165906,0.5538382454468883
present effect,532,0.018611885899293242,-0.5538382454468883,0.5821243897165906
absent effect,533,-0.014359248940652908,-0.5834531697797506,0.5598386963293256
present effect,533,0.014359248940652908,-0.5598386963293256,0.5834531697797506
absent effect,534,-0.010029778082770016,-0.5757423898849497,0.5758274367356176
present effect,534,0.010029778082770016,-0.5758274367356176,0.5757423898849497
absent effect,535,-0.006135308275816039,-0.5637511771131818,0.5951969663207035
present effect,535,0.006135308275816039,-0.5951969663207035,0.5637511771131818
absent effect,536,-0.0016251731405092507,-0.5616995501677647,0.6048343101862879
present effect,536,0.0016251731405092507,-0.6048343101862879,0.5616995501677647
absent effect,537,0.002258295629785488,-0.5608381248158844,0.6133156068765481
present effect,537,-0.002258295629785488,-0.6133156068765481,0.5608381248158844
absent effect,538,0.006533269390643505,-0.5700862467976134,0.6117121229132582
present effect,538,-0.006533269390643505,-0.6117121229132582,0.5700862467976134
absent effect,539,0.01119631229456343,-0.5751007294081814,0.6155146653340238
present effect,539,-0.01119631229456343,-0.6155146653340238,0.5751007294081814
absent effect,540,0.01478962853082924,-0.5762973589228593,0.6227777084910081
present effect,540,-0.01478962853082924,-0.6227777084910081,0.5762973589228593
absent effect,541,0.018686677329632695,-0.5793500072566798,0.6290339655314154
present effect,541,-0.018686677329632695,-0.6290339655314154,0.5793500072566798
absent effect,542,0.023292718214024073,-0.5827567484814744,0.6338650037527239
present effect,542,-0.023292718214024073,-0.6338650037527239,0.5827567484814744
absent effect,543,0.027632240665475608,-0.5808158803396641,0.6462939033777776
present effect,543,-0.027632240665475608,-0.6462939033777776,0.5808158803396641
absent effect,544,0.03239710413906001,-0.5597553524188473,0.6761860119312231
present effect,544,-0.03239710413906001,-0.6761860119312231,0.5597553524188473
absent effect,545,0.03653365455530792,-0.5664300112977397,0.6790852634330462
present effect,545,-0.03653365455530792,-0.6790852634330462,0.5664300112977397
absent effect,546,0.04065785298450905,-0.5722626099376458,0.6834187651648396
present effect,546,-0.04065785298450905,-0.6834187651648396,0.5722626099376458
absent effect,547,0.044568601841044324,-0.580635358652047,0.6838776753785231
present effect,547,-0.044568601841044324,-0.6838776753785231,0.580635358652047
absent effect,548,0.04889871030684416,-0.5782943860868249,0.6939614746653531
present effect,548,-0.04889871030684416,-0.6939614746653531,0.5782943860868249
absent effect,549,0.053073101931758904,-0.5715978766125017,0.71076979449195965
present effect,549,-0.053073101931758904,-0.71076979449195965,0.5715978766125017
absent effect,550,0.05801707049243081,-0.5713117361742917,0.7202226027988318
present effect,550,-0.05801707049243081,-0.7202226027988318,0.5713117361742917
absent effect,551,0.06285894606251885,-0.5574984435924467,0.7429273238062781
present effect,551,-0.06285894606251885,-0.7429273238062781,0.5574984435924467
absent effect,552,0.06736486946609416,-0.5574565633471267,0.7517614732196509
present effect,552,-0.06736486946609416,-0.7517614732196509,0.5574565633471267
absent effect,553,0.07215548667855082,-0.5514907337520801,0.7670372134995262
present effect,553,-0.07215548667855082,-0.7670372134995262,0.5514907337520801
absent effect,554,0.07686832491910706,-0.5580138123045889,0.7704397408781773
present effect,554,-0.07686832491910706,-0.7704397408781773,0.5580138123045889
absent effect,555,0.08125353853608103,-0.5542145722688349,0.7843103573682535
present effect,555,-0.08125353853608103,-0.7843103573682535,0.5542145722688349
absent effect,556,0.08602061856203962,-0.5788085697812073,0.7702892602157254
present effect,556,-0.08602061856203962,-0.7702892602157254,0.5788085697812073
absent effect,557,0.09014607897522511,-0.5819534466525734,0.7764808729101931
present effect,557,-0.09014607897522511,-0.7764808729101931,0.5819534466525734
absent effect,558,0.09473819164382377,-0.5826478242745285,0.7840897548550757
present effect,558,-0.09473819164382377,-0.7840897548550757,0.5826478242745285
absent effect,559,0.09910369575398759,-0.5856755797294835,0.7916244087101705
present effect,559,-0.09910369575398759,-0.7916244087101705,0.5856755797294835
absent effect,560,0.10382506213235221,-0.5839762051346749,0.8013242459568357
present effect,560,-0.10382506213235221,-0.8013242459568357,0.5839762051346749
absent effect,561,0.10837331836759427,-0.5705956300376068,0.826422419095707
present effect,561,-0.10837331836759427,-0.826422419095707,0.5705956300376068
absent effect,562,0.1127761603928378,-0.5902992041567228,0.8170944182135855
present effect,562,-0.1127761603928378,-0.8170944182135855,0.5902992041567228
absent effect,563,0.11717526154592424,-0.5740926469136544,0.844187193879349
present effect,563,-0.11717526154592424,-0.844187193879349,0.5740926469136544
absent effect,564,0.12140105043649199,-0.567663049694545,0.8610617551029546
present effect,564,-0.12140105043649199,-0.8610617551029546,0.567663049694545
absent effect,565,0.12619483127935946,-0.5905435276348565,0.8484824341776903
present effect,565,-0.12619483127935946,-0.8484824341776903,0.5905435276348565
absent effect,566,0.13038951547540012,-0.5945036222159741,0.8543228252782262
present effect,566,-0.13038951547540012,-0.8543228252782262,0.5945036222159741
absent effect,567,0.13442275695601652,-0.5900166817983019,0.8688959362602724
present effect,567,-0.13442275695601652,-0.8688959362602724,0.5900166817983019
absent effect,568,0.13866784377388366,-0.5907149405257477,0.8797499395274677
present effect,568,-0.13866784377388366,-0.8797499395274677,0.5907149405257477
absent effect,569,0.14305133911833812,-0.5950711878460736,0.8870213396103179
present effect,569,-0.14305133911833812,-0.8870213396103179,0.5950711878460736
absent effect,570,0.14719899730924102,-0.5946489640498542,0.8985351438070883
present effect,570,-0.14719899730924102,-0.8985351438070883,0.5946489640498542
absent effect,571,0.1510367550008122,-0.5908044025009436,0.9129724450195453
present effect,571,-0.1510367550008122,-0.9129724450195453,0.5908044025009436
absent effect,572,0.1559929024642174,-0.5894996794826846,0.924316372272433
present effect,572,-0.1559929024642174,-0.924316372272433,0.5894996794826846
absent effect,573,0.16066004972594136,-0.6020068361438049,0.9228193998160543
present effect,573,-0.16066004972594136,-0.9228193998160543,0.6020068361438049
absent effect,574,0.16495894737153954,-0.5957798165106898,0.9397468517700728
present effect,574,-0.16495894737153954,-0.9397468517700728,0.5957798165106898
absent effect,575,0.16879667074753377,-0.604082237617686,0.9423375935256408
present effect,575,-0.16879667074753377,-0.9423375935256408,0.604082237617686
absent effect,576,0.1735443560341164,-0.6063215935020515,0.9496623365295653
present effect,576,-0.1735443560341164,-0.9496623365295653,0.6063215935020515
absent effect,577,0.17780406081672262,-0.6068724724672975,0.961167535201218
present effect,577,-0.17780406081672262,-0.961167535201218,0.6068724724672975
absent effect,578,0.1812158861763238,-0.594672537293293,0.9835511275755656
present effect,578,-0.1812158861763238,-0.9835511275755656,0.594672537293293
absent effect,579,0.18496425743037181,-0.5969694183787033,0.9920033887107542
present effect,579,-0.18496425743037181,-0.9920033887107542,0.5969694183787033
absent effect,580,0.18925275561177282,-0.5977145840185737,1.0028002254384654
present effect,580,-0.18925275561177282,-1.0028002254384654,0.5977145840185737
absent effect,581,0.19334108553015966,-0.6003156408288577,1.0126242617830286
present effect,581,-0.19334108553015966,-1.0126242617830286,0.6003156408288577
absent effect,582,0.19812315834273997,-0.6129523951476148,1.0118923156346333
present effect,582,-0.19812315834273997,-1.0118923156346333,0.6129523951476148
absent effect,583,0.20224984646631194,-0.6243792224201804,1.0129370465247967
present effect,583,-0.20224984646631194,-1.0129370465247967,0.6243792224201804
absent effect,584,0.20671059371115724,-0.6242646605456278,1.0242735590124168
present effect,584,-0.20671059371115724,-1.0242735590124168,0.6242646605456278
absent effect,585,0.21013976709408366,-0.624789049023128,1.0349312591051405
present effect,585,-0.21013976709408366,-1.0349312591051405,0.624789049023128
absent effect,586,0.21417711634182,-0.6425411587792951,1.0287436828732983
present effect,586,-0.21417711634182,-1.0287436828732983,0.6425411587792951
absent effect,587,0.2175629037048012,-0.643695136032659,1.039030769194329
present effect,587,-0.2175629037048012,-1.039030769194329,0.643695136032659
absent effect,588,0.22190206148103375,-0.590965475014819,1.1027003156609492
present effect,588,-0.22190206148103375,-1.1027003156609492,0.590965475014819
absent effect,589,0.2259249420519558,-0.5913517440428597,1.1123262996398957
present effect,589,-0.2259249420519558,-1.1123262996398957,0.5913517440428597
absent effect,590,0.22909037155923262,-0.5916286496272998,1.1237946748538046
present effect,590,-0.22909037155923262,-1.1237946748538046,0.5916286496272998
absent effect,591,0.23330428201025694,-0.5925330201850887,1.1351535510110025
present effect,591,-0.23330428201025694,-1.1351535510110025,0.5925330201850887
absent effect,592,0.2373863749250297,-0.5982984567576979,1.1401182870889746
present effect,592,-0.2373863749250297,-1.1401182870889746,0.5982984567576979
absent effect,593,0.24139839456828432,-0.6098002353153682,1.1392519479244108
present effect,593,-0.24139839456828432,-1.1392519479244108,0.6098002353153682
absent effect,594,0.24516779654414428,-0.6116540695204875,1.146392240270672
present effect,594,-0.24516779654414428,-1.146392240270672,0.6116540695204875
absent effect,595,0.24798279614504537,-0.614001941812784,1.1560535889478842
present effect,595,-0.24798279614504537,-1.1560535889478842,0.614001941812784
absent effect,596,0.25195496000069006,-0.6251199462181889,1.1563017350304632
present effect,596,-0.25195496000069006,-1.1563017350304632,0.6251199462181889
absent effect,597,0.2554505141765392,-0.6297812158831746,1.1622648091607444
present effect,597,-0.2554505141765392,-1.1622648091607444,0.6297812158831746
absent effect,598,0.2598721797082038,-0.6287743740468822,1.1732549738536844
present effect,598,-0.2598721797082038,-1.1732549738536844,0.6287743740468822
absent effect,599,0.263401450703549,-0.6299171409272721,1.182467959787857
present effect,599,-0.263401450703549,-1.182467959787857,0.6299171409272721
absent effect,600,0.2671026015009852,-0.6337096895225586,1.1907644967985764
present effect,600,-0.2671026015009852,-1.1907644967985764,0.6337096895225586
