x,predicted,conf.low,conf.high,group
0,0.4628614121658263,0.4015246311968941,0.5208685758539922,absent
0,0.5486351910050334,0.48377820847671155,0.6044921600748988,present
1,0.462201972023853,0.4013562829584716,0.5200195577379231,absent
1,0.5474995889692749,0.4830984339039473,0.602920267944489,present
2,0.4614596861152183,0.4021143680844312,0.5201757380591142,absent
2,0.5463706654455738,0.4826764299308724,0.6016278566268397,present
3,0.4607622307699719,0.4020302486725079,0.5193501729289371,absent
3,0.5452401983477126,0.4839919490639161,0.602182462538187,present
4,0.46008457619799553,0.40239489320200983,0.5190144735978145,absent
4,0.5441310306455492,0.4836925639468272,0.6009921018744409,present
5,0.4594434261362693,0.40196781151815614,0.5178699722458279,absent
5,0.5429844690246206,0.48320904695819616,0.5998733173087951,present
6,0.45877333198387216,0.40156743378590104,0.5169209712904449,absent
6,0.5419172959510483,0.4812766096007105,0.5971301600189609,present
7,0.45810536664911233,0.4013580374144433,0.5161871110298406,absent
7,0.5408190106078196,0.47982831804046555,0.5952617863673981,present
8,0.45744974965289104,0.40048305855425,0.5147281196827811,absent
8,0.5396725361473617,0.48057651168433013,0.5953131715424742,present
9,0.4567395691763357,0.39807431384012154,0.5117302656249378,absent
9,0.5385444083888864,0.4807577142553093,0.5948249347015638,present
10,0.45606355118556674,0.39818707678911747,0.5112847726987971,absent
10,0.5373866122381991,0.47934265532880327,0.5928677606440227,present
11,0.45535171776185673,0.3995970723859487,0.512244035544068,absent
11,0.5363060827851825,0.4783530770793041,0.5912982849034869,present
12,0.45467490641108477,0.3991220403179125,0.5112362577727185,absent
12,0.5351944734381774,0.4774908508349046,0.5900007989043623,present
13,0.45398177458177685,0.3973087466967836,0.5088275270156049,absent
13,0.5340884572553506,0.47598824468094686,0.5880627957680162,present
14,0.4532970203507459,0.3973201124603191,0.5085156596035896,absent
14,0.5329800731626153,0.47493375504812757,0.5866402304807529,present
15,0.45262943571533365,0.39632005890753436,0.5070820985326872,absent
15,0.5319120162674585,0.4740019994642113,0.5852942597760228,present
16,0.4519599602294342,0.39655391457356676,0.507000026364475,absent
16,0.5307922666604767,0.4732361792899573,0.5843037358250275,present
17,0.4512550946626963,0.39689313086254796,0.5069652789773665,absent
17,0.5297274368538877,0.47442574750050664,0.585081361225256,present
18,0.45054058171860933,0.39625728343601474,0.5059937999742884,absent
18,0.528570565968253,0.4736634753162071,0.5840121906525033,present
19,0.4498691506575241,0.39471827875805343,0.5041263530851767,absent
19,0.527436853021114,0.4710279327917202,0.5810402276234695,present
20,0.44919544937837924,0.394451102303423,0.5034261419611105,absent
20,0.5263099164167525,0.4694953113665881,0.5793590959553949,present
21,0.44844092160836907,0.39305585703029156,0.5018384660745406,absent
21,0.5251528251871374,0.4679861106412836,0.5775888729539415,present
22,0.4477356523054125,0.393241962248978,0.5017019769115479,absent
22,0.5239319912600109,0.46723282298942054,0.5765741120348847,present
23,0.4470946563437498,0.39245293380091084,0.5007536000231446,absent
23,0.52278043231396,0.4675836450920198,0.5767757293466237,present
24,0.4463993362987098,0.392451191539278,0.5007644077546346,absent
24,0.5216270548042159,0.46578309776830923,0.574937702405031,present
25,0.44568107860913253,0.39215852522487943,0.5004526967383762,absent
25,0.5204375987574946,0.4639010059926499,0.5729111753021173,present
26,0.4450040465894662,0.39080766723309995,0.4989372603293979,absent
26,0.519295027367909,0.46287681459821867,0.5718040121711682,present
27,0.4443097070866918,0.3901364582235758,0.4981034226610541,absent
27,0.5180605538456965,0.463816542657987,0.5728969471309386,present
28,0.44357485900282073,0.38933635040323167,0.4972428035603919,absent
28,0.5168215850069875,0.4618396288598186,0.5708875032813105,present
29,0.4429107842837235,0.3910769108445462,0.49907089526586734,absent
29,0.5155815047816549,0.46120079352046467,0.5703182505732856,present
30,0.4421510897301562,0.3904386141064126,0.4983820764027854,absent
30,0.5144239783098085,0.4606362321290283,0.5697288379055893,present
31,0.4414436488625722,0.3909680881502104,0.49880224431721853,absent
31,0.5132735839779059,0.459291109318339,0.5684778410492816,present
32,0.44073311343611765,0.3899109314787753,0.4976689094793757,absent
32,0.5120604832201338,0.458279206602725,0.5677211271838779,present
33,0.4400489623728655,0.39022959003319463,0.4980124766970299,absent
33,0.5108706327750406,0.4569545598168635,0.5665619932589,present
34,0.4393659050010645,0.3887208790045864,0.4964160520166516,absent
34,0.5096543009314064,0.4545983203099528,0.5641853372614914,present
35,0.43871690135583125,0.38744006338971787,0.4950376834209719,absent
35,0.5084478000778587,0.45374929458433216,0.5634088407517484,present
36,0.4380115608291171,0.38731581115940633,0.4948156084396508,absent
36,0.5072152485504063,0.4530730963948156,0.562925158963323,present
37,0.4373076799576019,0.3862459968280048,0.4938789380898191,absent
37,0.5059386816684464,0.45136527746369637,0.5612164143430134,present
38,0.4366209663699229,0.3855272840786978,0.4932007865564946,absent
38,0.5047057488064652,0.44928784644931774,0.5594855847627807,present
39,0.43587112424748464,0.38438964902068806,0.49214959506283423,absent
39,0.5034427339864113,0.44761346294787013,0.5580611687995726,present
40,0.43515666872279823,0.3837585814185457,0.4917302892050849,absent
40,0.5021678227945534,0.44785360684813075,0.5585458359547635,present
41,0.434491707932653,0.38251676457796,0.49056503816206704,absent
41,0.5008864401412824,0.44615299837992944,0.5570592739919484,present
42,0.43385501908924917,0.38185583485793306,0.4901139739903952,absent
42,0.49956777519383544,0.4443995042127582,0.5553865398742118,present
43,0.4330861195501334,0.3810705261046665,0.489436037160472,absent
43,0.49826331251898975,0.4430723645603226,0.5544464093001116,present
44,0.4324270199309596,0.3801572302067802,0.4884202259994036,absent
44,0.49693967677101114,0.4411714236980363,0.5529144884760849,present
45,0.43174892487268435,0.3792535037568833,0.4876707626256267,absent
45,0.49551510446766894,0.43915667201685343,0.5511145837408878,present
46,0.43100197322748374,0.3780446060349584,0.4865137791454926,absent
46,0.49416808180909,0.4379199110323302,0.5501578388215206,present
47,0.4302547628952879,0.37702220541958814,0.4856715360457559,absent
47,0.4928311229643926,0.43657846890335655,0.5490823602334693,present
48,0.4295266384620441,0.375940539622692,0.4847210212070795,absent
48,0.49148470920841725,0.43576837343601993,0.5484739317128074,present
49,0.4287888193634037,0.3759166577312567,0.48487913636010355,absent
49,0.4900897940211124,0.4337777508940765,0.5466869771366385,present
50,0.4280853758442974,0.3756002528394643,0.4845944351321416,absent
50,0.48870585464972194,0.4311066982867417,0.5441622290488104,present
51,0.4273931906635268,0.37469066114662014,0.48385174257775054,absent
51,0.4872485892351103,0.4292437157042271,0.5425561988598888,present
52,0.4266342573077465,0.3736205198599666,0.4828043975812446,absent
52,0.4858247272788841,0.4284676977961711,0.5419255851593898,present
53,0.42586504826848137,0.3725349362839542,0.48191002849149156,absent
53,0.4843607575075088,0.4276691166537871,0.5414447480194277,present
54,0.425158486477296,0.3714128750586893,0.4808503547978791,absent
54,0.48286006839797657,0.42545578547827745,0.539545183934856,present
55,0.42440362001190723,0.37042011165688316,0.4800839211205466,absent
55,0.4813707374686042,0.4215948427067507,0.5357500297912952,present
56,0.4236198354526421,0.37004275872318454,0.4799978083601619,absent
56,0.47988660476606115,0.4202527365062522,0.5345911095059845,present
57,0.4228834072313569,0.3692183494177437,0.47927540177422634,absent
57,0.47842002710304576,0.4186756750329598,0.5331557906337685,present
58,0.4221541214992136,0.36827185633869136,0.47858452952020675,absent
58,0.4769193986307209,0.41680818806153785,0.5314659620541959,present
59,0.4213808821168843,0.36760240044588793,0.47806155436424286,absent
59,0.475378073509937,0.41532438026861207,0.530272516365525,present
60,0.42064378575819195,0.36656403199908544,0.47712057319724416,absent
60,0.473842294630051,0.4139569207475798,0.5291362394943064,present
61,0.4199102058221508,0.36554467175339755,0.4762141238917637,absent
61,0.4722821404683888,0.4143640293023424,0.529758382209268,present
62,0.4192069219467898,0.36462074433363156,0.4753465105893985,absent
62,0.4706993292525688,0.41299148907774214,0.528486222999,present
63,0.4184658359439772,0.3638594201405296,0.47480223548547007,absent
63,0.469146868756213,0.4099455853607214,0.5256066890519607,present
64,0.4177635756659088,0.36269437344137945,0.47382503274598475,absent
64,0.4676127518992949,0.40862338565780526,0.52437975537054,present
65,0.41704293131766074,0.3614435039256916,0.47279833227655604,absent
65,0.4660298524598827,0.40656233335946895,0.5224476217418147,present
66,0.41628560830357514,0.3603774745081249,0.4718771052200565,absent
66,0.464398461895985,0.4059499128932896,0.5220821781555736,present
67,0.41554102065293336,0.35948305332459046,0.47125284858348926,absent
67,0.46281945061485236,0.40455336767241706,0.5208511757908634,present
68,0.41484048830399217,0.36004322176980397,0.47211586441420084,absent
68,0.4611897046965311,0.4029604735589026,0.5194509565804297,present
69,0.41407174316684403,0.3593366099676985,0.47158737007557205,absent
69,0.45955897401218787,0.40173686520213703,0.5183508451717207,present
70,0.4133056295896552,0.35857580022135627,0.4710244243738871,absent
70,0.45792111440575,0.4014665025484594,0.5182941713146952,present
71,0.41258363398875836,0.35954081414631844,0.47233761559079945,absent
71,0.4562938142747883,0.399857884024856,0.5167220212581265,present
72,0.41190353705322,0.3589438102893301,0.4718852897867224,absent
72,0.45467958760074995,0.3982349968333046,0.5150622190644979,present
73,0.4111547833010936,0.35801030225065067,0.471097559338245,absent
73,0.4530202770867851,0.39568248598455363,0.5125653964521005,present
74,0.4104436128730122,0.3554678108906743,0.4684709221031649,absent
74,0.4513277845906067,0.3947106624419063,0.5117807087971593,present
75,0.40971061278784904,0.35507839636637456,0.4682132758445657,absent
75,0.4496267113583059,0.3925018272575138,0.5096512452485416,present
76,0.4089802778964257,0.35523048458117285,0.46849571797916695,absent
76,0.4479400634471847,0.3895119076385981,0.5067287384838158,present
77,0.40823259024749536,0.3544447765956884,0.46774435712543233,absent
77,0.44625436922809214,0.3893990528342633,0.5068494818057735,present
78,0.40747317176482556,0.35357404272846876,0.46703104900897185,absent
78,0.4444998550647204,0.38620897932270526,0.5036739468770478,present
79,0.4067177385405442,0.35215498944898305,0.46577023478483714,absent
79,0.4427289726838263,0.38448211024557566,0.502135425249495,present
80,0.4060117273054037,0.351796755191936,0.4655310993957252,absent
80,0.4409924891783439,0.3824070620408024,0.5001455139408629,present
81,0.40528529602731295,0.3507716607607607,0.46462439702977176,absent
81,0.4392820939257654,0.38079760250118666,0.4988705416963052,present
82,0.40453098708607227,0.34979023938041903,0.46374856359842154,absent
82,0.43748715845920094,0.38076163058562523,0.49909061644864994,present
83,0.4037847307433355,0.3484222830820459,0.46247056856216806,absent
83,0.43575320287205865,0.3774494586112483,0.495753559537401,present
84,0.40306507492084476,0.3476906243639994,0.4619326021632574,absent
84,0.4340192217708993,0.37587143275223617,0.49416852490702873,present
85,0.40231495211611784,0.3459249101319427,0.46021019588824263,absent
85,0.43232690964185644,0.3735330493334301,0.4919804145118893,present
86,0.4016473345602601,0.3449647171594524,0.45931244321023523,absent
86,0.4305420590780484,0.3710349280954841,0.4896910365764593,present
87,0.40090121019563113,0.3444430268550462,0.45877617952083466,absent
87,0.42876169410489223,0.36957995536092275,0.488553245562237,present
88,0.4001921117217705,0.34316846035538784,0.457671890407298,absent
88,0.4270117121818641,0.36757270036169765,0.48665804647213057,present
89,0.3994662998011187,0.3428257106836527,0.457473353910622,absent
89,0.4252281584090707,0.3653483004349361,0.48464315445360934,present
90,0.3987581951321696,0.3424864466422879,0.4573794553114071,absent
90,0.42345604513564844,0.36417487665335113,0.48378415526545665,present
91,0.3979659032365755,0.3418450257623071,0.45694089978765134,absent
91,0.421696502622608,0.3610705588601878,0.4807491514395068,present
92,0.39723818157445545,0.3414955522377833,0.4567803373781704,absent
92,0.4199533872584126,0.35924244653779847,0.47903771012066954,present
93,0.39656026202955696,0.34088180607741836,0.4563309327984224,absent
93,0.4181614315100763,0.358143504043308,0.47821587972698043,present
94,0.39583721028989244,0.341137005798128,0.4567438154566917,absent
94,0.4164452557454737,0.3560159818462719,0.47621822657642565,present
95,0.3951414208752917,0.33880378233198793,0.45434199139134845,absent
95,0.4146919226152269,0.3543354373766587,0.474872400236714,present
96,0.3944637797951795,0.33810095790875344,0.45377705238775545,absent
96,0.41298126878132346,0.352413364543674,0.4734507495533695,present
97,0.3937582200999147,0.3381240817799604,0.45396290182727356,absent
97,0.411255851061005,0.35178821451597847,0.47337216513987007,present
98,0.3930550656008035,0.3370657912015013,0.4530505485846581,absent
98,0.40952198291797487,0.3499707208994331,0.47207914345782837,present
99,0.3923442069638676,0.3363635946054995,0.4525128529857787,absent
99,0.40783809750540917,0.3465544587714538,0.468927283610034,present
100,0.3916689444198601,0.33535281257964766,0.4515714162387415,absent
100,0.40619978566040454,0.34482587511090956,0.46774911989426154,present
101,0.39092385456517803,0.33458414873786674,0.45093392803384685,absent
101,0.40452350945808935,0.34397891777920336,0.4675921792622537,present
102,0.39025019579579073,0.33398974285195426,0.4505625231360117,absent
102,0.4028483138712666,0.3395695343334652,0.46329320183470596,present
103,0.3895654894545776,0.33385729225820515,0.45069761936523295,absent
103,0.4011694524122179,0.33744628255535536,0.46171263355492387,present
104,0.38890853035806433,0.3326388184083667,0.44965317611446026,absent
104,0.39952643860598164,0.3346851406943521,0.45935643973126594,present
105,0.3882062977632477,0.33131866692208867,0.44854052340124584,absent
105,0.3979524570436768,0.3344085481875067,0.4598534853030463,present
106,0.3875485289175681,0.32994349320733246,0.447324941457687,absent
106,0.3962906757145743,0.3337039068396929,0.4596408918813196,present
107,0.386866027040805,0.3296162318765695,0.44731667866231,absent
107,0.3946843773739252,0.33078013676891727,0.457161962548794,present
108,0.386189176812544,0.32904575180223355,0.4471055877656318,absent
108,0.39307455676362024,0.33160036093856027,0.4586716544120305,present
109,0.3855369250707788,0.32649812324995675,0.44464378690008227,absent
109,0.3915147453205562,0.3296152296878323,0.45746157284592526,present
110,0.3848606610756245,0.32713231587662933,0.44560226332749225,absent
110,0.3899490478054197,0.32742800158807545,0.4557502191317663,present
111,0.38426399546750817,0.32647031785945635,0.445224557116044,absent
111,0.38836711356221537,0.32515631842336856,0.45405394522801834,present
112,0.3836549041533565,0.3263147009169317,0.4454479079924526,absent
112,0.38680453110764984,0.3237247842688406,0.45336300410074676,present
113,0.3830320663533978,0.3254526371476086,0.44480029842399527,absent
113,0.3852646267533866,0.32078813810201423,0.4508848836161517,present
114,0.3824175761974066,0.3256522840509642,0.44527449787628537,absent
114,0.38375280984056365,0.3185729682220172,0.4491351705213643,present
115,0.3818469745134428,0.32484177110504275,0.4447768366118291,absent
115,0.38227747708244936,0.31722842901455284,0.4481998881976191,present
116,0.38124108225821274,0.32353627569293925,0.44354221760522805,absent
116,0.38077381363828494,0.3153686313809052,0.44688234661241044,present
117,0.3806672183895473,0.32284546809361014,0.4430928530589978,absent
117,0.3793157798663202,0.31394165633475135,0.44589784042812713,present
118,0.3801229602389713,0.32272712912612744,0.4433451735064346,absent
118,0.3779356620025721,0.3126528484518035,0.44517638616464017,present
119,0.3795794105021203,0.3211118333442435,0.44172549261062216,absent
119,0.3765719771559771,0.31090594408796834,0.4440313858473052,present
120,0.37906932830385054,0.32018102391825654,0.44100077496535184,absent
120,0.37520802049350893,0.3097957379049548,0.4436324254831559,present
121,0.3785421661479117,0.3193183885222502,0.44041650144483774,absent
121,0.3738902237075528,0.3076747875073959,0.4419564949503681,present
122,0.37799033358100176,0.3185608407864239,0.439926389667954,absent
122,0.37260978117629817,0.30657729646909576,0.4413873173979327,present
123,0.3774289427691571,0.31779805867395183,0.43934988764708693,absent
123,0.3713385821003972,0.3052291253635068,0.44040045412112094,present
124,0.37692083808746485,0.31688803350496497,0.43859300930583245,absent
124,0.3699934605932881,0.30395904856505407,0.43951359499272696,present
125,0.37631327201419806,0.316299297518859,0.43824224307723497,absent
125,0.36876780945234056,0.30240533973345823,0.43819499313492155,present
126,0.37583963260263514,0.3155429755965332,0.43766056577351714,absent
126,0.3675774699728558,0.3006889434418603,0.4370145286484255,present
127,0.37531579416781413,0.3150076674053234,0.4373863198164344,absent
127,0.3663618660404816,0.2998226216784586,0.4366947518922812,present
128,0.37477725334928746,0.31478484753391495,0.43733303401499396,absent
128,0.36519518444092275,0.29840185849128964,0.43569461464182674,present
129,0.3743193572856342,0.3149898699820958,0.4379746379755191,absent
129,0.3640147769122251,0.29651222857220033,0.43411105752856877,present
130,0.3738546134222413,0.31419587688029577,0.43739201286807905,absent
130,0.362836165795167,0.2951061597734903,0.4332802940989246,present
131,0.3733720897126599,0.3137590300545129,0.4372391337443697,absent
131,0.3617488021204178,0.29352016641966755,0.43208159223372855,present
132,0.37290598165419403,0.313242112492121,0.4371673978582784,absent
132,0.36061818220869346,0.2919214720252157,0.4306786553115534,present
133,0.37244014203332165,0.31236693070272037,0.4365562721228262,absent
133,0.35951570598285687,0.2906576336508078,0.42978630091918496,present
134,0.37199039529552835,0.312821308719734,0.4373482951308103,absent
134,0.3585299250398527,0.2893673624403351,0.42885941902705704,present
135,0.3715701709348888,0.31234391769665837,0.4370682554338483,absent
135,0.35752474167110077,0.2889734682061339,0.42876894829823514,present
136,0.37115178204333193,0.3119076039372813,0.4368424983972378,absent
136,0.35653352150490825,0.28790279471359614,0.4280075591579419,present
137,0.3707556182662793,0.31169576672637506,0.43677748332639965,absent
137,0.35564150628169344,0.2868526094704502,0.42700819634995535,present
138,0.37033371324972014,0.3112213051752065,0.4365849411833231,absent
138,0.35471125985713553,0.2858958791363908,0.4263317605727401,present
139,0.3699121393786629,0.31096315726776136,0.43656670681214677,absent
139,0.3537428442125741,0.28508148407942696,0.42574668186779263,present
140,0.3695384463493439,0.31025131640090897,0.4359761248751824,absent
140,0.35290102668608136,0.28514589389803946,0.4260035133887186,present
141,0.369163635032536,0.30979306751445246,0.4356118206255147,absent
141,0.3520586741154244,0.28427099597143624,0.4251539012642199,present
142,0.36877410770948904,0.3087771497966527,0.4348895043273625,absent
142,0.35126058245064296,0.2834651806243787,0.42431468828106733,present
143,0.368483539411117,0.30769172533188904,0.4339837985739193,absent
143,0.3504559419353556,0.2823604316059639,0.4232007812277672,present
144,0.3680688324687438,0.30913489143334816,0.4358225979322973,absent
144,0.3497308354225689,0.2820066473850653,0.42286877463221706,present
145,0.36767763876746007,0.3085945405620216,0.43534692980628564,absent
145,0.34899207769817053,0.28096646325997315,0.42172719193080793,present
146,0.3673339628339369,0.30800776160920085,0.43497646028840004,absent
146,0.34825581001748085,0.280300463603987,0.42097113199197755,present
147,0.3670482649771787,0.30717570903948904,0.43414014713532234,absent
147,0.34750077223425185,0.28053433317773857,0.4212411713709382,present
148,0.36679798154898785,0.3070350324933677,0.4340637575403462,absent
148,0.3468288839257923,0.27969001693673884,0.42023407482108704,present
149,0.3665438532549187,0.3056452309837026,0.4327376714396712,absent
149,0.3461595013269202,0.27938212397123813,0.4199465635212903,present
150,0.3662764265095966,0.30508451843251116,0.4322379816160425,absent
150,0.34559714868115105,0.2783919274698824,0.4187457008470099,present
151,0.3659422485478992,0.3043913269822565,0.43154172420769127,absent
151,0.345002709135351,0.2785870465111695,0.41907079219559873,present
152,0.36568391587053123,0.3041510496754283,0.43154069537773876,absent
152,0.34448750171189313,0.27767916516759095,0.41796719899583695,present
153,0.3653814012037388,0.3035665371145253,0.43099674275145144,absent
153,0.3440000243125435,0.2780001273975861,0.4181381677967501,present
154,0.3651165463674894,0.30271269509426535,0.4301920489077568,absent
154,0.3434409114375198,0.27715397942930925,0.4169554422919238,present
155,0.36496328882181334,0.3019697665774432,0.42945233212681205,absent
155,0.34298498447706394,0.2743478604210642,0.41372634000456754,present
156,0.36471436585822253,0.302074359928187,0.4296547208718214,absent
156,0.34248673539187424,0.2742442947250267,0.4133528874105256,present
157,0.36445911124800623,0.3016945739982475,0.4294861759131793,absent
157,0.3420716133961668,0.27372782309449606,0.41257778204104895,present
158,0.3642006814048152,0.30171536930300374,0.42980010109474226,absent
158,0.34165362091045043,0.2737865607929394,0.412534884969237,present
159,0.36396171175018305,0.30177413101589,0.4299774669674382,absent
159,0.3411922601652701,0.27465747659133205,0.4134154084092646,present
160,0.363803989522562,0.30163354838758066,0.42996440418338205,absent
160,0.34082594147927486,0.27419702794120865,0.41261085867537295,present
161,0.3635381123915766,0.30143172849625366,0.4299962203775019,absent
161,0.34048514319735984,0.27386261110565846,0.4119872425578638,present
162,0.36334875648845194,0.30259318147781983,0.43169759609049985,absent
162,0.34017498626353637,0.27420377319432165,0.4121289104456049,present
163,0.36318934572269806,0.3014183415012593,0.43047953183313575,absent
163,0.33986229647298,0.2734926773811679,0.4111098867292795,present
164,0.3629836521004834,0.3023770853421325,0.43184232394504907,absent
164,0.33961491690847234,0.27296741512640194,0.4103457337644813,present
165,0.36280817298213314,0.3008885963212836,0.4301703631521911,absent
165,0.33939287117823574,0.2729687559611025,0.4101096426881531,present
166,0.36265552196229034,0.3011972291494043,0.43080266053357374,absent
166,0.339125277623955,0.27238528417560265,0.4093882770630717,present
167,0.36246716622159464,0.3014650884458324,0.4313874029267257,absent
167,0.33899809691173616,0.27475879073472975,0.4121665451174112,present
168,0.36230034604388217,0.3005606667911959,0.43057003123353754,absent
168,0.3388374630395568,0.27371979311955574,0.41039881472320094,present
169,0.36218245210527367,0.30054764614264157,0.430775094274054,absent
169,0.33870195146943594,0.27374069120741956,0.41017359373988077,present
170,0.36208495562033965,0.2995235413957164,0.4296207326160061,absent
170,0.338569092797824,0.2730049473221017,0.4091797966038103,present
171,0.3619665003286839,0.29995204163417843,0.4302013252110922,absent
171,0.3384566820999387,0.27292939747507594,0.4091972754494839,present
172,0.3618330380000537,0.2993105624804454,0.42973394992082725,absent
172,0.33835061070555883,0.2733634622121444,0.4098177706362244,present
173,0.3617737770707982,0.29909645626382647,0.4298702062078794,absent
173,0.3382824653308534,0.2742921820942166,0.4108505743157615,present
174,0.3616283991027982,0.2989248434873717,0.42990697981987597,absent
174,0.33816744080534616,0.2743436580448682,0.41088616250969884,present
175,0.3615502869013325,0.2981512224701843,0.42927563336783037,absent
175,0.33804666951984447,0.2730958510581502,0.409181810347578,present
176,0.36143905606531074,0.29824529598259547,0.4296332081577412,absent
176,0.33800420607574905,0.27327459220653894,0.4093219282375709,present
177,0.3613207656076306,0.29786796996648374,0.4296128621308545,absent
177,0.33796514254262966,0.2734733562834291,0.40945287697452276,present
178,0.3612144672040718,0.29697233160631287,0.42890538855785676,absent
178,0.3379070601096602,0.2726543732431049,0.4083701737051722,present
179,0.3611853695881707,0.29699447435763104,0.42929360012618134,absent
179,0.3378819571836728,0.2724067234628349,0.40812293541146044,present
180,0.3611128011432325,0.29788190508771506,0.4306272979756494,absent
180,0.33795756080281036,0.2724005058495733,0.4080874882685778,present
181,0.3611521172650428,0.2975338344641993,0.43051338993856525,absent
181,0.3380007048516581,0.27269437694362547,0.40859417958765215,present
182,0.36116698064335834,0.2968199367573903,0.4298853053538889,absent
182,0.33805377363638706,0.2727342337202184,0.4088538066359839,present
183,0.3611380067576609,0.2971572532909514,0.4304979281717327,absent
183,0.33808837435216876,0.27249051503553,0.40867107812888925,present
184,0.3611373548842689,0.29703862320884744,0.4304916842097171,absent
184,0.33815806213086325,0.2718541880429037,0.40821664400918883,present
185,0.36112292029824333,0.29663566852244544,0.43012554107806933,absent
185,0.3382315189239007,0.27307860797948347,0.4098781642193248,present
186,0.3612090931529667,0.2960784919216268,0.42974088089817997,absent
186,0.33830605008956893,0.2731509297342347,0.4103406027900416,present
187,0.36118398165230164,0.2965196361888828,0.43058341000780687,absent
187,0.33841874659764365,0.27249080494727346,0.40995731852526246,present
188,0.36112237391480934,0.29599729943591513,0.43020589874876886,absent
188,0.3385417446607601,0.272519234044585,0.4103333560816389,present
189,0.36111963722722934,0.29614175798943015,0.4306640588573595,absent
189,0.3387286068373959,0.2713540288547102,0.4092281495811707,present
190,0.3611018616778797,0.2974113719246612,0.4324553838929953,absent
190,0.33879354428224057,0.2719955151283738,0.41046411495941443,present
191,0.36111658120042633,0.2974348722003208,0.4327146656003369,absent
191,0.3389263723985728,0.2708089078341518,0.40971505085875376,present
192,0.36112974049622953,0.29709218941461496,0.43260841657252197,absent
192,0.3390630007675475,0.270979263484934,0.4103125750828871,present
193,0.36113576100880435,0.2963711552798944,0.43203475117289347,absent
193,0.33918942314767114,0.27140408842187225,0.41135382056556496,present
194,0.3611010511979238,0.29620974199699757,0.43207299291997636,absent
194,0.33930457194400165,0.2716937375254241,0.4124899945181133,present
195,0.3611439088760814,0.2959803287912525,0.43213473292015775,absent
195,0.3393650515281653,0.2711971892321377,0.41261270856715515,present
196,0.36116866123928215,0.29584829303561605,0.4322191804323462,absent
196,0.339456727586944,0.271674672619867,0.4136997588184288,present
197,0.3612102111975511,0.2957371974393727,0.4322605369491367,absent
197,0.33961887049464207,0.2714004048785996,0.414006676332349,present
198,0.3612619882137782,0.29581537709805183,0.4326821213944334,absent
198,0.33970912683999366,0.2713609165770012,0.4146838709381038,present
199,0.36131288783810817,0.295342310326547,0.4325633210700461,absent
199,0.3397798596679893,0.27327452344410874,0.4175380828559709,present
200,0.3613770918664161,0.29695794951324345,0.43481008844416735,absent
200,0.3399042589955737,0.2728552412029856,0.4179438444643183,present
201,0.36139072889702945,0.29593407007910477,0.4339406577861291,absent
201,0.33999728254949724,0.27197032199617355,0.4177913528691895,present
202,0.36145674093181046,0.2961160407382285,0.4344906354618627,absent
202,0.3400832892768666,0.2712751383047613,0.4179144841170643,present
203,0.36155417275697,0.29642100771575547,0.4350337180498892,absent
203,0.3402057067363313,0.2710911762072689,0.41855060748336276,present
204,0.3616588152296415,0.2967349795601645,0.43578676685547346,absent
204,0.34034361910485295,0.26910651449249184,0.41693781933145796,present
205,0.3617938164580522,0.29688139250388695,0.43630552967387604,absent
205,0.3403101770829672,0.26928158674282954,0.41776539834701176,present
206,0.36187122691603524,0.29661896071984034,0.4361694788331397,absent
206,0.34037959518946254,0.2690796125681097,0.41843634789175366,present
207,0.3620191805499464,0.2963700561541453,0.43620431555044964,absent
207,0.3404633017686751,0.269330280409692,0.4195789111625191,present
208,0.36216894136785954,0.295759248344683,0.4359136359691455,absent
208,0.34042519863162973,0.26965711466706516,0.42090956189990025,present
209,0.3622673093422225,0.294971200049058,0.435323328316268,absent
209,0.3404714858456867,0.2686195358701825,0.4204426627948311,present
210,0.3624118505610912,0.29553665874746354,0.436273112810604,absent
210,0.34051722382859967,0.2702043774421798,0.4232075048383204,present
211,0.36257075705550834,0.29581591575819527,0.43690924605905956,absent
211,0.3406097705522617,0.269525718399154,0.4230963985400891,present
212,0.3626848644849386,0.29428368051093223,0.43543127140810217,absent
212,0.34065653238132215,0.2710857354844068,0.42577816427026616,present
213,0.36282486686210763,0.2934700067183206,0.4348650214266156,absent
213,0.3407000204816596,0.2704635520808842,0.4257063514215673,present
214,0.3629000434190923,0.2932776430336327,0.43488151028971284,absent
214,0.3407442192562378,0.2707935285381278,0.4266873862805288,present
215,0.36304750827509524,0.29479898125761855,0.4369718324414726,absent
215,0.3408097752506519,0.27057474086761457,0.4270415306844655,present
216,0.3632371850233536,0.2940453115715406,0.4364046352587548,absent
216,0.34078704814213484,0.27016384200647603,0.42726562325119055,present
217,0.363365688346886,0.29421016240290243,0.43691214243477233,absent
217,0.34084496102010736,0.270156474183124,0.42783417020137937,present
218,0.3634578111656529,0.2938503245788347,0.43685482895305755,absent
218,0.34090573561958,0.27003293710131693,0.42852215435967106,present
219,0.3635577096458638,0.2937476747000505,0.43699308445751933,absent
219,0.3408648358600471,0.269691967575353,0.42877270287213626,present
220,0.36364217410705285,0.292981587789471,0.43635936335713205,absent
220,0.3409138103661152,0.2693786017010529,0.42901799848555827,present
221,0.3637691176245634,0.29320576484554356,0.4369477400722924,absent
221,0.34096925615951135,0.26889002861001926,0.4292997942944608,present
222,0.3639369139590915,0.2941389172959157,0.4383321536124994,absent
222,0.3408696354609633,0.26839165161559186,0.429618329218365,present
223,0.36410063601149256,0.29400279693040016,0.43849346915090726,absent
223,0.34085294769846425,0.26845911420326674,0.43039639555965775,present
224,0.364262554004018,0.2945259795360557,0.43951794734529276,absent
224,0.34073539231340444,0.2676651072386023,0.43012261920544637,present
225,0.36443709881022784,0.2948245701884194,0.4400624364088595,absent
225,0.3406854423395119,0.26728196056307163,0.43043823316632646,present
226,0.3645827587016979,0.29495476827085926,0.4405236738815541,absent
226,0.3405273201703994,0.26763488754742565,0.43144491386550893,present
227,0.36477420137206085,0.29295786218187997,0.43856310665338666,absent
227,0.3404022248978144,0.2681053262363001,0.43266278572703265,present
228,0.3649423269093007,0.29506780746373396,0.441261582162738,absent
228,0.3403194008568137,0.26738335662731594,0.43224926806538233,present
229,0.36515893449777515,0.2958504418911726,0.44246232487926435,absent
229,0.34024716064719596,0.2665461187450715,0.43177158937184673,present
230,0.36524160905297604,0.29564981452688177,0.44236095699512307,absent
230,0.3401737697948024,0.2662771065243249,0.432159859677439,present
231,0.36534413491039996,0.29661294694154067,0.4437968002704106,absent
231,0.34007438955652763,0.26472701328201526,0.4304216737395111,present
232,0.36552782689158086,0.2940426982502337,0.44088354547218983,absent
232,0.3399126105389836,0.26482459909772665,0.4310000505734536,present
233,0.36576802359758553,0.2938273438850457,0.4408182069819144,absent
233,0.33972129922040867,0.26165292020218506,0.42739717224170365,present
234,0.3659280930716308,0.2940177844062574,0.4412752252967854,absent
234,0.3395466996694031,0.2622745021561109,0.42830078498393415,present
235,0.3661478370213403,0.29520714904143447,0.44301960526260575,absent
235,0.33924793622171057,0.2624271183069114,0.4288728819888485,present
236,0.36633398451033894,0.295810227929069,0.4439748938993422,absent
236,0.339003389227357,0.26278901240496216,0.42945096729187543,present
237,0.36653424206466023,0.29548280016718614,0.4438336576097193,absent
237,0.33882248824013467,0.26241557606257365,0.4291996301381209,present
238,0.3667551900849092,0.29691628354927246,0.44557757076563775,absent
238,0.3385774159278428,0.2605681866422857,0.4272172775870755,present
239,0.3669472486226369,0.2970581550696976,0.44620118541584725,absent
239,0.3383050460119183,0.2602466593173221,0.4269154888273356,present
240,0.3671873836478446,0.29635526180861116,0.44570369220103023,absent
240,0.33805046127142196,0.2604851421654629,0.42762005562655964,present
241,0.3673982426244023,0.2960811637998557,0.44561046970024715,absent
241,0.33777849976422586,0.2596729213711761,0.4268523715112873,present
242,0.3676323326846032,0.2950166094802442,0.44467061693553744,absent
242,0.3374596790316925,0.25930347672718174,0.4268069382825054,present
243,0.36783051350813617,0.2954324893492327,0.4454323887723817,absent
243,0.33715272610920854,0.2614633778967066,0.4296542831643689,present
244,0.36804778718278247,0.29662085179798087,0.44716293244380156,absent
244,0.3367780938087806,0.26118666079316494,0.4295480243282025,present
245,0.36823794680112376,0.296527722633329,0.44730751304234345,absent
245,0.3364522884053009,0.25988751972454605,0.4282216986379892,present
246,0.3683985397687122,0.29670829279159006,0.44762252522274687,absent
246,0.3361845514038642,0.2612324612330268,0.43001826338926546,present
247,0.3686140474153041,0.296767137683317,0.4480135654535895,absent
247,0.3358419379101272,0.2609972378939267,0.429638504543691,present
248,0.36882662078969813,0.29788267891340914,0.4495356986934139,absent
248,0.33535965480418223,0.2605142978512688,0.42921016352110564,present
249,0.36907163861746944,0.29795215966584704,0.449841190285497,absent
249,0.33507574401602064,0.25928249369990825,0.4278048827693574,present
250,0.3692821031698415,0.29801216795128355,0.44994198790222206,absent
250,0.3347246430277374,0.2582944811293268,0.4267065151383645,present
251,0.36951620394478024,0.29798535748714144,0.4502754407167201,absent
251,0.3342869711245652,0.2578963443511635,0.4264854318801977,present
252,0.3698596626611992,0.2989488292012353,0.4515824363170377,absent
252,0.3338634192603036,0.2570383859976953,0.42546583741828126,present
253,0.37017088625784406,0.2982049382772397,0.4510476080851714,absent
253,0.3334634319989122,0.2552740293506686,0.4236035453515535,present
254,0.3704658084430023,0.297334499929228,0.4504273817019218,absent
254,0.33306238621934076,0.25709994129678115,0.42575026959293316,present
255,0.37070371825945303,0.29713988420876963,0.4505305041345524,absent
255,0.3326044358805869,0.25633073979888277,0.4249497076255692,present
256,0.37097951706059945,0.29751213038517493,0.4511445741417021,absent
256,0.3322406148443331,0.2555347264311026,0.42375707312221694,present
257,0.37121997673527235,0.29650774317909434,0.4502265228690417,absent
257,0.3317908994570866,0.25526578598525007,0.42342688226087555,present
258,0.37145315118905003,0.29655406306807103,0.45055631414401276,absent
258,0.3314025356943888,0.2551439514099911,0.42346365746407494,present
259,0.37169091596483045,0.2976196381253619,0.4520547225325198,absent
259,0.3309877662478882,0.25516119928251974,0.4235430779447385,present
260,0.37198853526123127,0.29776059936837485,0.45253784204939,absent
260,0.3305353184706093,0.25492270951938817,0.42322504844246966,present
261,0.3722610500740009,0.297224070886431,0.45232327492049124,absent
261,0.33018316505690776,0.253310234394274,0.42115556381634567,present
262,0.3726001370311788,0.29841854361607606,0.4541634702270966,absent
262,0.3297770402151596,0.2529098976706887,0.4205839981576306,present
263,0.37295017529951485,0.2979868764688557,0.4538907259279923,absent
263,0.32919005220011915,0.2504675229897917,0.41746858672032783,present
264,0.3733035151406038,0.29679504870703666,0.4527274161740418,absent
264,0.3286729024556882,0.24986035993322,0.4167084742239282,present
265,0.373650736851652,0.29807621023373027,0.4544907457483926,absent
265,0.32817420122051116,0.24896262461745994,0.4154054355719948,present
266,0.37390595710845465,0.29927088934112306,0.4561908331936696,absent
266,0.3276472593422826,0.25218502098771084,0.4199667901675854,present
267,0.37425306673922726,0.29871165076772616,0.45573298901107334,absent
267,0.3271132787019726,0.25159848979709104,0.4190903987332095,present
268,0.3745907878293548,0.30085314439333766,0.4583737129569127,absent
268,0.3265658837893962,0.2513675521990694,0.4188555497297699,present
269,0.37495014411035166,0.3014488528461289,0.45926555360536025,absent
269,0.32603338308241553,0.2476769247313154,0.41431411192116413,present
270,0.37531036241204574,0.30085841070326524,0.4589370179337675,absent
270,0.3255244091511884,0.24745237689305563,0.41411240219361245,present
271,0.37568263075542824,0.30166578886186046,0.46010374977163565,absent
271,0.3249987595615636,0.24737231476671706,0.4140106988898061,present
272,0.37598279661868067,0.301297953636094,0.4598970436707174,absent
272,0.32442930639069134,0.24633190864770305,0.41298551324798755,present
273,0.37643321839147703,0.3013773604928425,0.46031140334007364,absent
273,0.32386529701312605,0.24598143884597662,0.41271500879805584,present
274,0.3768416273711513,0.301521170533352,0.46073853595063774,absent
274,0.32329385800581,0.24556934355523674,0.4125316803160663,present
275,0.37724712517002895,0.3014377986827242,0.4611752836180496,absent
275,0.3227671652052216,0.24501615086376757,0.4121858532132357,present
276,0.3775444243263684,0.30347720898235986,0.46398735193052254,absent
276,0.32226279480251974,0.24357650718429136,0.41042097173036846,present
277,0.37792967332349203,0.3034188166541622,0.46429251235485935,absent
277,0.32180960805890085,0.24323173818448646,0.41039664183797,present
278,0.37828291995157926,0.304123920354878,0.4654935056526542,absent
278,0.32127073137544315,0.24169555790476374,0.40862754359495607,present
279,0.37863873886500876,0.3039447124670819,0.4656510807388008,absent
279,0.3207714869252123,0.2410968326064706,0.40824445362040396,present
280,0.37903784388175177,0.30398500159888864,0.4660132192634946,absent
280,0.3202273620894584,0.2409534021418345,0.4084917243600179,present
281,0.3794707605948545,0.3047402027553582,0.46741176083057545,absent
281,0.3196470319344527,0.24076346095251114,0.40847716881051144,present
282,0.37981384603566515,0.3043512759494185,0.46734612027980316,absent
282,0.31916778384032957,0.2405505082669887,0.40868111418077807,present
283,0.3801666652468404,0.3054263189609073,0.46890650721096067,absent
283,0.31865370978246427,0.24096597511836992,0.40972446018136327,present
284,0.3805748586048113,0.3054157539706878,0.4694745149986066,absent
284,0.3181010102656752,0.23988737517377476,0.40880037498855765,present
285,0.3810031508214656,0.304796248108474,0.46925984964569156,absent
285,0.3175612263985083,0.24025420224556374,0.4096500581940867,present
286,0.3814633929576192,0.30506096236862507,0.4699361360738448,absent
286,0.31710123276697744,0.23997716506371713,0.40988312549681777,present
287,0.3819198203231456,0.3052712613130812,0.47058533546631504,absent
287,0.31659779310935277,0.23967075974087299,0.4096631186617919,present
288,0.3823269956497853,0.3019769172723529,0.4669402498164505,absent
288,0.31616035674866605,0.23785775482775667,0.4078822116792042,present
289,0.38279953727555416,0.3044427424674604,0.4702482690318182,absent
289,0.31566620284097263,0.23714421812586367,0.4070984018329477,present
290,0.3832826374337796,0.3050179979728868,0.47128695205960225,absent
290,0.3151098040159148,0.23671823309338,0.40701025409597397,present
291,0.38378612604669765,0.30411748638390046,0.47089999184424897,absent
291,0.3146890259378983,0.23640887101614705,0.40731957288702547,present
292,0.3842052068772154,0.307629065368017,0.4754310554689173,absent
292,0.3142186919641562,0.23655410664135207,0.40822989321862313,present
293,0.38462535443650675,0.3078243209167045,0.4761465197244516,absent
293,0.31379898252305066,0.23651157191271283,0.40870449267655895,present
294,0.38511272006849584,0.3064923111602634,0.47488526977027706,absent
294,0.3133332826927134,0.2353251248969358,0.4077657859901699,present
295,0.3855655837714092,0.3066356736607732,0.47520570472149287,absent
295,0.3128493714623719,0.2338840916204764,0.4065213920776748,present
296,0.38598554922490047,0.30703255876786956,0.47593583388252214,absent
296,0.3122975722100433,0.23200729836662,0.4045759583659456,present
297,0.3864807837059679,0.30655767948293233,0.47581841576860723,absent
297,0.31181117974147665,0.23161495912446728,0.40458387897869896,present
298,0.3869998868129489,0.3071405583282248,0.47688873715886787,absent
298,0.3114468974788647,0.23127239714753517,0.40500534274633304,present
299,0.38741587103764596,0.3066713213377048,0.47661516969717144,absent
299,0.3110969683521969,0.2288934587050543,0.40243506562273706,present
300,0.387883577147999,0.30574377056529767,0.4762944617350246,absent
300,0.3106552068941505,0.22928326304121946,0.4035716715658335,present
301,0.3883593344009338,0.3062731803154839,0.4772166743253311,absent
301,0.31022044067083687,0.22631796849460714,0.40017658059933364,present
302,0.3889083863300019,0.3084974125387189,0.48030814514543857,absent
302,0.30986834636083693,0.2261170291623252,0.4003895989939501,present
303,0.3893805885891774,0.3087078434444751,0.48093857401940554,absent
303,0.3095252668526771,0.22590174956645692,0.4006633720080674,present
304,0.3897802093306672,0.3072370625957344,0.4796273050650171,absent
304,0.3091859396941291,0.22842413562314237,0.4047939674713233,present
305,0.390275332388622,0.30934667446135183,0.4825176065036462,absent
305,0.30872012914400826,0.22734224268132458,0.40375605369714035,present
306,0.3907735706527136,0.3080150983576694,0.4813338305663943,absent
306,0.30839050078539365,0.22611732066133997,0.40277964306650343,present
307,0.39122642405718366,0.3104510851648087,0.4845372956271692,absent
307,0.30812550919915316,0.22584563308459066,0.4029454157463928,present
308,0.39176767510887067,0.31055148538838445,0.4849290797937081,absent
308,0.30786954624896884,0.22444833895976243,0.4016066093669302,present
309,0.39228589696341615,0.3100214532005929,0.4848316239614034,absent
309,0.30750325611601653,0.2251773661748985,0.40335287155009525,present
310,0.3927580376513894,0.3100400261592581,0.48541257765702545,absent
310,0.30715790963147205,0.22506066502120756,0.4036022803451856,present
311,0.3933243357597657,0.3101278272998202,0.4863739325954322,absent
311,0.3069859335370448,0.22309084852260866,0.40165795264923704,present
312,0.3938469915212675,0.30805841058202116,0.48459704393357467,absent
312,0.3067392509459947,0.22347023216350348,0.4027185279132126,present
313,0.39438006274623666,0.3080405060747893,0.48488673715090624,absent
313,0.30642049020121376,0.22285681507285224,0.40223350948026554,present
314,0.3948277485052379,0.308163069871256,0.4856641607444638,absent
314,0.30617000012613793,0.22242246516988165,0.4023441295835764,present
315,0.39528254248222805,0.3090621826290391,0.4874212614848574,absent
315,0.3059313812767155,0.2225445822855309,0.4029232067958297,present
316,0.39579089083242674,0.3082545186678336,0.4869532933017033,absent
316,0.3056929990291611,0.2220392793697029,0.40272598467979903,present
317,0.39631489272455617,0.3084758550892337,0.4879166940958604,absent
317,0.3055788691509113,0.2215934170848355,0.40295138765595484,present
318,0.39685643617118094,0.3089219538150224,0.48908368351690024,absent
318,0.3053669467784962,0.2211727972676469,0.40306344187643023,present
319,0.39741244977867235,0.3082719717263336,0.4890294301471489,absent
319,0.3052148821382833,0.2202025052299744,0.4026936092667348,present
320,0.39793415758011524,0.3104533993788204,0.4922888473002681,absent
320,0.305073376721444,0.21860323080985797,0.40113113611896506,present
321,0.39842729706517005,0.30969480673053384,0.491826661656776,absent
321,0.30494836439345097,0.21756846195569424,0.4000134185321021,present
322,0.3990058347258269,0.3099717970009241,0.4927904278025569,absent
322,0.30478566209335267,0.21751706812779958,0.4001007304805753,present
323,0.39947779801795297,0.3153301143659872,0.4995137122103552,absent
323,0.3046260683370748,0.21735366728027797,0.40076337444644944,present
324,0.40000024032105,0.3149249243215703,0.499458022167553,absent
324,0.30450054455982356,0.217230301664433,0.4011422065557904,present
325,0.400571645806832,0.31540405614006983,0.500480988120197,absent
325,0.30441560042056626,0.22056002881720485,0.4065263562895704,present
326,0.401122514454201,0.3152940289330455,0.5009538460397256,absent
326,0.30434029654796135,0.2201392067892651,0.40646978713003923,present
327,0.4017194424552053,0.3163902385215255,0.5027921330803592,absent
327,0.3042468373662647,0.21934962870316532,0.406077274051434,present
328,0.40225758076253937,0.31691515286312993,0.5038733984862275,absent
328,0.30422421471493927,0.2193208618433293,0.4065423156486106,present
329,0.40278652651604757,0.31544761945202177,0.5024645681420181,absent
329,0.304168573455904,0.21937407988750005,0.40706598094387675,present
330,0.4033988569852628,0.31602951081084246,0.5037079420062034,absent
330,0.30418780875149654,0.2195065840058754,0.40769344782614786,present
331,0.4040022241193527,0.31569918375748984,0.5039342449640394,absent
331,0.30411024617964166,0.21883532120564375,0.40754834082649993,present
332,0.4045330685396839,0.31623502667088565,0.5053318359533822,absent
332,0.30418286842454567,0.2155499685733522,0.4032614913266688,present
333,0.40504492165623684,0.31803986177453036,0.5077990203236139,absent
333,0.3043142530547204,0.2158058347472575,0.4037807278089519,present
334,0.4056395664684907,0.3180362104954686,0.5083818921218017,absent
334,0.3043731740517613,0.21576930314276038,0.4042761758701056,present
335,0.4062224013039897,0.3184855116991966,0.5094656009178036,absent
335,0.3044178710914603,0.2150548203932951,0.40358931496977596,present
336,0.40674280010498953,0.3184914642609224,0.5096543751700691,absent
336,0.3045357883234642,0.21486938805178588,0.40384723263940336,present
337,0.4072625847480533,0.3175238767659336,0.5090726150467443,absent
337,0.30460816255066137,0.21564874176890714,0.40545025180656696,present
338,0.4077155871659544,0.31855306354785795,0.5109259782260087,absent
338,0.3046474615778566,0.21541288276032527,0.4055819031555858,present
339,0.40823965514671673,0.3191103930314017,0.512262904571508,absent
339,0.30467092364077425,0.2153810134999516,0.4062578297398604,present
340,0.40874375809793356,0.31836984751155756,0.5117248732164473,absent
340,0.30479724583455037,0.21504840799308736,0.4063955498563835,present
341,0.4092050293711937,0.31889774103247315,0.5127681643892872,absent
341,0.304843483832322,0.2202879003903405,0.41405717722164953,present
342,0.40974174420286125,0.3194548324944427,0.5139084919628757,absent
342,0.3050500677245506,0.22096029716213167,0.4157259654864815,present
343,0.4102963571377781,0.31990906619049336,0.5147892196180881,absent
343,0.3052109183049815,0.21816297758251904,0.41193919250746863,present
344,0.4107925685405484,0.3207399734628729,0.5162583946160682,absent
344,0.30536980526441615,0.2174650662872362,0.4113694229201173,present
345,0.41133194140683205,0.3206541286205556,0.5163495032929214,absent
345,0.3054860526458656,0.2173850474377166,0.41162654254949843,present
346,0.4119223557917016,0.3210863266764848,0.5177532216992672,absent
346,0.30570237448622894,0.2160898277910633,0.4098730312190377,present
347,0.4124295884775817,0.3200891806616019,0.5172343107020291,absent
347,0.3059184656423595,0.21658389338376327,0.4108251594173138,present
348,0.4129038315803228,0.32112979171570943,0.5188298868574772,absent
348,0.3061427018358609,0.2171663159870725,0.412055352202079,present
349,0.4134538802534485,0.3221361674843837,0.5202893428736571,absent
349,0.306283846175418,0.22056328690625832,0.4170879790013059,present
350,0.4139314235394122,0.32105023397848376,0.519296991016081,absent
350,0.3064681178334225,0.21972052045427204,0.4163930251229548,present
351,0.4145269557619368,0.32171308921334896,0.5206688969614558,absent
351,0.30653868204233753,0.21921302528693049,0.41592002513981025,present
352,0.41510680170363445,0.32183510644977303,0.521470096041202,absent
352,0.3067927154329074,0.22117601613431537,0.41898941598746964,present
353,0.4156019148170494,0.3226987127324207,0.5228188925070422,absent
353,0.3069857553487064,0.2210849096373266,0.41929494487060626,present
354,0.41622073398178405,0.3227918976320472,0.5234173729807623,absent
354,0.30717823733008043,0.21606294009572047,0.41246830007171087,present
355,0.4167189068423925,0.3236529191084666,0.5247249066177936,absent
355,0.30751101809018017,0.2160944166316717,0.41264203571367425,present
356,0.41724229026088683,0.3207215461915889,0.521655395991405,absent
356,0.307765422137906,0.21800084882328816,0.4157483331694889,present
357,0.41775716077429714,0.3212481437308328,0.5224776547186857,absent
357,0.3080536361898955,0.21733597132264357,0.41500813444084306,present
358,0.41829539429137214,0.32050851860274987,0.522033486083942,absent
358,0.3083436876064581,0.21602063299008312,0.41342321669923976,present
359,0.41870921504472625,0.3201277696911081,0.5216930601150098,absent
359,0.30860422748172267,0.21707867614110385,0.4150692569659246,present
360,0.41917327889932043,0.3205024114659868,0.5223409463583518,absent
360,0.3089942780146866,0.21781100623313376,0.41615201495523774,present
361,0.41972161300456284,0.32162128033963644,0.5241723728575034,absent
361,0.30926809073501915,0.2172346967258775,0.41563545976683386,present
362,0.4201703264677578,0.32331752121204227,0.5263494490635385,absent
362,0.30951588707738514,0.21753362271029644,0.41637709376126336,present
363,0.4206939118490531,0.3234356005139902,0.5266110368463143,absent
363,0.3098089354598914,0.2172761746625951,0.4162965532306979,present
364,0.4211754980922365,0.323304062488234,0.5269146352809083,absent
364,0.3101809044862463,0.21548723918462023,0.4141298166993572,present
365,0.4216949981543053,0.32380396008272805,0.5279360379358964,absent
365,0.3105511873064999,0.21716071922270586,0.4169030761372385,present
366,0.4220986627709623,0.3238622139213472,0.5284851834714656,absent
366,0.3109713077365406,0.21882829663554243,0.41970531146822637,present
367,0.4226282566974336,0.32397985937867635,0.5289807543077778,absent
367,0.3113192977524555,0.21659540625116397,0.4167276783750636,present
368,0.4230732445772628,0.3251815947233868,0.5305807759532718,absent
368,0.3116530701160339,0.22040619160428954,0.4223020574167852,present
369,0.4235707976687893,0.3248511002864777,0.5305983687133654,absent
369,0.3120193515810334,0.218947612574595,0.4206341317069525,present
370,0.42403035496814834,0.324964987323845,0.5311402653671771,absent
370,0.3124126898268761,0.2191897566314225,0.4211330416025553,present
371,0.42452098778696506,0.3247128810948676,0.5313828729565241,absent
371,0.31273317591806465,0.2180969206500171,0.41953260963312516,present
372,0.424899650709037,0.322638843547086,0.5296378104082023,absent
372,0.3131219138293453,0.2192531697241564,0.42124785936266856,present
373,0.425387171961064,0.3253060576953122,0.5332293140728356,absent
373,0.313553650358132,0.22008943307525305,0.42273079340310427,present
374,0.4257943479885507,0.32582629377283495,0.5342997025081598,absent
374,0.313940213179013,0.22043940355164582,0.4235531519198687,present
375,0.4263263681881309,0.3250660473636837,0.5340084513226123,absent
375,0.3143178718839157,0.22055816672243853,0.42435590091318637,present
376,0.42679970043925053,0.32640013817605884,0.5363835668819685,absent
376,0.3147157899378441,0.22066654480873601,0.42503014239582243,present
377,0.42737616105931314,0.32645522313939557,0.5367512509556654,absent
377,0.3151139339657115,0.21952832232473424,0.42404677363438037,present
378,0.42789649897407633,0.3256866157183614,0.5365621570726854,absent
378,0.31539814159185076,0.219231112771299,0.42410605405672214,present
379,0.4284128133209225,0.32703275751942396,0.538692731455027,absent
379,0.31585777631982054,0.2191200838228612,0.42475997124252796,present
380,0.42883684551103907,0.326674133783269,0.538727042334346,absent
380,0.3161836279138673,0.22157605613175207,0.42863426379303526,present
381,0.42933483891851815,0.3268148879029208,0.5394601209143515,absent
381,0.31654999845557924,0.22164073513903693,0.4292295966152855,present
382,0.429748193510421,0.32684611980731465,0.5401966496861451,absent
382,0.31688455381790276,0.2217329415924276,0.43001208641483946,present
383,0.4301103011530575,0.3243390168014587,0.5380079251150661,absent
383,0.317259903930556,0.22061485037466197,0.4290549425641375,present
384,0.4305355179935937,0.32490626993831173,0.5389963976051254,absent
384,0.3175750314067999,0.22272754285950797,0.4326619447942882,present
385,0.4310823349963483,0.32565825981629876,0.5405597162836024,absent
385,0.31793660376079186,0.22190611320201364,0.43216903877799906,present
386,0.43139675810365197,0.32487164678795655,0.5400603308948557,absent
386,0.31828506262028733,0.2213956279484705,0.4318520441891896,present
387,0.4318320891192645,0.32624916847209007,0.5423333514234938,absent
387,0.3187898568296354,0.22242470195482097,0.43379374826603273,present
388,0.43225930590168593,0.32709556516010674,0.5438493267531245,absent
388,0.31907079197688876,0.22141529893731476,0.43271896451373687,present
389,0.4327198342633547,0.32638946325375945,0.5435343192347852,absent
389,0.3194269209500132,0.221107509182815,0.43248360968047755,present
390,0.4331332234122879,0.3264243463856533,0.5441611143357573,absent
390,0.3197730165846823,0.22072798592750106,0.4325264712125092,present
391,0.43350030209209606,0.3265114209895233,0.5448816654069786,absent
391,0.32014932228302245,0.22155326945304699,0.43408768994005537,present
392,0.43395168401054096,0.32704979862550143,0.5467482031501246,absent
392,0.32048420930662896,0.2219476961528237,0.4355053341379053,present
393,0.43437719663262897,0.3275435869511679,0.5480904153107485,absent
393,0.3209407490520019,0.218780011463122,0.43146085281136165,present
394,0.4348984852297014,0.32807912117709453,0.5492480510597495,absent
394,0.3212464783538175,0.22040528841966456,0.43446468444033076,present
395,0.435435829584916,0.32667145493847327,0.5484227214046743,absent
395,0.3217361241520351,0.22004605877734768,0.4346546385510886,present
396,0.4358840537773595,0.3264674683292211,0.5489281721764437,absent
396,0.32209851494413755,0.2197469071197832,0.4349119404009053,present
397,0.4363264599790244,0.3272379637684992,0.5507617288964196,absent
397,0.32245779842208405,0.21988394326292338,0.43551552941273847,present
398,0.43680009760403077,0.32602685493355726,0.5503084346611339,absent
398,0.3230252798287979,0.22039255732041937,0.43690779604061025,present
399,0.437262464454638,0.32560518879489986,0.5510218988696878,absent
399,0.32352054107912115,0.22036100072781512,0.4375965022498674,present
400,0.43780448286590734,0.3273012605248091,0.5538180770622565,absent
400,0.3238036820563731,0.22020220074680133,0.43835959235087857,present
401,0.4382737616618576,0.3266794573543963,0.5543343426589945,absent
401,0.3242115869010794,0.21898175590859895,0.4372612667086688,present
402,0.4387670572185714,0.3269872515545482,0.555597122733284,absent
402,0.3246050527059701,0.2189673841634108,0.43784619460606045,present
403,0.4392891378955547,0.32664368661772,0.5566182998347561,absent
403,0.32490551721006267,0.21987461226847008,0.4401634688020795,present
404,0.43983581916838804,0.326946094914437,0.558390616113459,absent
404,0.3252701657198263,0.21876654395232478,0.4393601917285557,present
405,0.4402919795881925,0.32573914445197305,0.5583300042745507,absent
405,0.3256272701939395,0.21925648980430754,0.44098549950582316,present
406,0.44078252656586175,0.32550057709284547,0.5592881811937651,absent
406,0.3258522310349183,0.21788996200278626,0.43980053486643433,present
407,0.44137734724273486,0.32608788793020094,0.5609624234846865,absent
407,0.3262155051799579,0.21742414775501478,0.44008325117601943,present
408,0.4419542180119275,0.32373955267066284,0.5598102607623178,absent
408,0.32652264183156665,0.21761953822648605,0.4410664519206374,present
409,0.44257182415309304,0.325782714870608,0.5634937891123782,absent
409,0.32687735690611336,0.22640495089235857,0.45425567629641633,present
410,0.4430446505883925,0.32575647062063773,0.5647255013725695,absent
410,0.32719553432766607,0.2265446840439252,0.455072560773465,present
411,0.44361240756024944,0.32502222124111885,0.5651310281149579,absent
411,0.32772745445088575,0.22536635629327886,0.45416887217803065,present
412,0.44414965820442814,0.3242256790778764,0.5652197199837906,absent
412,0.32822359131446416,0.2267547908160383,0.45697053657104614,present
413,0.44477434666429105,0.3225730581055926,0.5648029507158303,absent
413,0.32858072484377243,0.2262001492588343,0.45683149651339566,present
414,0.44538185339929104,0.32480105241484425,0.5687276601585614,absent
414,0.32901486411246417,0.226147649548541,0.4572468685275126,present
415,0.4460308713788395,0.32619489993504774,0.5713467903022362,absent
415,0.3294875201989565,0.2224851268646467,0.45279076131868895,present
416,0.4467447470201249,0.32672399677029385,0.5730275658543713,absent
416,0.3299972116044633,0.22163464215294695,0.4523704261488545,present
417,0.4472978729862643,0.3260238160965584,0.5735615267135556,absent
417,0.33035312744231327,0.2221088459730405,0.45401787346743167,present
418,0.4479348405728379,0.3262409281071802,0.5750520292154477,absent
418,0.3307451385393814,0.2226956495209803,0.4556080328775836,present
419,0.44861773378020026,0.3261434328801595,0.5758692381488292,absent
419,0.3311391509472837,0.22241765827808122,0.4556857715646027,present
420,0.4492435179519452,0.3257950982568953,0.5765505585594455,absent
420,0.33150771661742473,0.22305525572443016,0.45745765858983806,present
421,0.4498838259557926,0.3266708289595724,0.5787832312581855,absent
421,0.3318690973058192,0.2231162228353107,0.4582779488117647,present
422,0.45058433212264665,0.3268271153500093,0.5802211976880838,absent
422,0.33222476833371706,0.22256229232804536,0.45833148256847434,present
423,0.4512943754068145,0.3262553950211715,0.5804902994379515,absent
423,0.3325593629815948,0.22268093741629627,0.4593534231295711,present
424,0.45193860186072327,0.3268208979131389,0.5819040152917209,absent
424,0.33287280595318514,0.22184350355743312,0.45895002058329004,present
425,0.4526791394163924,0.32667444509764937,0.5828557321275585,absent
425,0.33323747596385594,0.22174988619844255,0.45994938432953775,present
426,0.45337803463663345,0.3273308456681435,0.5847906623419773,absent
426,0.33362721211845836,0.22696536236629317,0.4681898003704992,present
427,0.4540163479356783,0.3270897922115287,0.5855750461318301,absent
427,0.33413487153489035,0.22500122930872188,0.4660225495133337,present
428,0.45475694789298327,0.3267580707853811,0.5863357381851674,absent
428,0.33458788024681857,0.22691301474615905,0.4694250808446807,present
429,0.45546736719790526,0.32670244004066906,0.5875319584171402,absent
429,0.3350890454467652,0.2241673154335752,0.46615096279185975,present
430,0.45625867109855134,0.32672739980642124,0.5885555365140134,absent
430,0.3355147371009101,0.22359760634526282,0.4663773140172516,present
431,0.4570653241623353,0.32782453591860083,0.5908346758413083,absent
431,0.33584070156035956,0.2262313494746797,0.4709077512205944,present
432,0.45781034186438385,0.32786710800283725,0.5920916412080096,absent
432,0.33631551782682256,0.22631756882051915,0.4718813503700834,present
433,0.45852650865904443,0.32677379778682186,0.5922682694459718,absent
433,0.33683649202978305,0.2245388281301744,0.47024782037094826,present
434,0.45934472043398156,0.320980128318889,0.586958976934763,absent
434,0.3372740383589297,0.2248375555428464,0.47127761526265133,present
435,0.46029083150687455,0.32511692918926377,0.592665358213301,absent
435,0.3377533905952069,0.22580343539508899,0.47335979910911286,present
436,0.46120182189101055,0.32370983943110593,0.5919382299395756,absent
436,0.3382021725147701,0.2257945899582388,0.4739986632815394,present
437,0.4620130641774823,0.32432998840539007,0.5936148140667045,absent
437,0.3387109297431269,0.2254273633612662,0.4742875250159972,present
438,0.4628617340185785,0.32673186780623736,0.5970010613980913,absent
438,0.33924590461595455,0.22681154180174184,0.47638263397862385,present
439,0.463765585162573,0.3265021519208849,0.5975981553375552,absent
439,0.3397177728163328,0.22718138537595675,0.4777113865029414,present
440,0.4647031992448641,0.32769157209017025,0.5994917338120208,absent
440,0.34041767528769834,0.22586398273774005,0.4764306638551861,present
441,0.4655541165808245,0.32829030162833917,0.6014384687718448,absent
441,0.34083346176583806,0.22713778557794007,0.4788046549466222,present
442,0.4665201020554037,0.32695908374552035,0.6011039106613922,absent
442,0.34128711628873987,0.22717760501935083,0.479344705784233,present
443,0.4673754655630942,0.33057538645432893,0.6060594441266068,absent
443,0.34185380086475897,0.2256804700837523,0.4779799808812535,present
444,0.46836489341654636,0.32708350006401626,0.6029663267656084,absent
444,0.34230182174833085,0.22758212267074848,0.4810223898597899,present
445,0.46933542460190675,0.3292251636770586,0.6062006461494545,absent
445,0.34285162470188707,0.2273468608307888,0.48131414987109905,present
446,0.4703060716586775,0.32995550034186777,0.6076981090913225,absent
446,0.34341574178027356,0.22611703621703638,0.48026450224458356,present
447,0.4712207776119665,0.3298822313354887,0.6085854534798842,absent
447,0.3438512764262901,0.22783888956722792,0.4833758974849,present
448,0.47222950444829354,0.3273694104815826,0.6064341368469034,absent
448,0.34438203487918123,0.22780836622583836,0.4839964727016133,present
449,0.4732807251807635,0.33199430044529293,0.6123182246966746,absent
449,0.3448622677167098,0.22663723589542933,0.4833012536550595,present
450,0.4743823500406252,0.3308450171860626,0.6114422074397319,absent
450,0.34540269730726797,0.22662873035903935,0.48402450403192104,present
451,0.4753589874740606,0.3316840485212489,0.6131188756307431,absent
451,0.3461053816308888,0.22671296268619784,0.48470175160446854,present
452,0.47645867974702266,0.33141442792898007,0.6135522045995587,absent
452,0.34672704142608324,0.22667525072502764,0.48518493681691366,present
453,0.4774773271298418,0.3323553355130924,0.615215137008195,absent
453,0.3473166636698428,0.22728084446455013,0.48690517652516857,present
454,0.4786870373444555,0.33502077617302906,0.61848624100959,absent
454,0.34789547815135413,0.22786689256703752,0.4880738717655266,present
455,0.47980122297009503,0.3340556669714305,0.6180967262976014,absent
455,0.3485253680984023,0.2269392261673559,0.48741506108397886,present
456,0.48104117012066266,0.3349361147228111,0.6199785149240072,absent
456,0.3490836500855281,0.2270634837190084,0.4884811863517685,present
457,0.4822931981625322,0.33542184777130046,0.621202845906165,absent
457,0.3497737050856659,0.2277051300288006,0.4905699078307728,present
458,0.48350709383743506,0.33628629784728825,0.6232169378175896,absent
458,0.3505361652073997,0.22884027704904758,0.49310187334062966,present
459,0.48482781582003875,0.34148420383764927,0.6289729653731885,absent
459,0.35111449103487824,0.22948353538243865,0.49504939097834993,present
460,0.48592668124308314,0.34215848832808377,0.6302434981013244,absent
460,0.3517812693241052,0.2283096649869767,0.49414890873398476,present
461,0.4871852761433133,0.3426053154464596,0.6310616923752204,absent
461,0.3525354653935003,0.2288194844341903,0.4961109817089477,present
462,0.48838590065541404,0.34290282647698495,0.6318866610132404,absent
462,0.3532503521057692,0.22896599647558483,0.49722288412564947,present
463,0.48965324466281773,0.3451213355847142,0.6344718978872322,absent
463,0.3540114685008928,0.22766197397461357,0.4962821493732523,present
464,0.4910018703690597,0.345896041692071,0.6361137092436226,absent
464,0.3548682912788654,0.22974456734597243,0.49991024670981316,present
465,0.49226332415125357,0.3470271851237224,0.637548071496396,absent
465,0.35562464330062155,0.22957109214655774,0.5005688372167838,present
466,0.4936196403125231,0.34787127524479,0.6388920780052386,absent
466,0.3561745527431223,0.22947626599028803,0.5014145957149148,present
467,0.4950423100371638,0.34844857444548805,0.6404040572144829,absent
467,0.35671473695931233,0.23051277192418537,0.5038305869551879,present
468,0.49643285819384997,0.3498548441655429,0.6427367164470349,absent
468,0.35747243937556816,0.23025643909573607,0.5042715594372491,present
469,0.49795024046704456,0.350304258808656,0.6438561420993661,absent
469,0.35831032309286087,0.2300217566280321,0.5050207969355316,present
470,0.499430118910339,0.35094290073750034,0.644805578953094,absent
470,0.3590117689803452,0.2302969628238647,0.5062885042106584,present
471,0.5008884552384704,0.3522402618180731,0.646514491784404,absent
471,0.35983445691166227,0.23074260770332322,0.5084003869830925,present
472,0.5023543769905034,0.3534773577917819,0.6481359190091875,absent
472,0.36061540822995697,0.22945218167222306,0.5079282545216967,present
473,0.5036351783898468,0.35524300055680386,0.6502426477829917,absent
473,0.3613899803165592,0.22999642901808506,0.5098576613978166,present
474,0.5051550352927358,0.35695895428975527,0.6523823445466715,absent
474,0.3622190198993858,0.23146980314744622,0.5131999179777643,present
475,0.5067806197799548,0.35328616848285693,0.6493243457541897,absent
475,0.3629120963408092,0.23007908131511257,0.5123114799973045,present
476,0.508416086664422,0.3575541790559671,0.6538705403353948,absent
476,0.3638333597126998,0.23105799579269803,0.5149042502931331,present
477,0.5099406324423569,0.3609560081645007,0.6574969359842447,absent
477,0.36470804407166973,0.23104191535121363,0.5159496742355364,present
478,0.5115456753109233,0.3611184566782172,0.6577626747415455,absent
478,0.36564020903529554,0.2288916877441862,0.5140310645300695,present
479,0.5131704974714295,0.36003263261016694,0.6568717698420264,absent
479,0.366587473436191,0.23070643653290443,0.5177696312325654,present
480,0.5146712301042591,0.3642828786570153,0.6614015384014827,absent
480,0.36743908861757413,0.23103342361364704,0.5194912021786704,present
481,0.5163327615742453,0.36594495043100433,0.6631154979131311,absent
481,0.36836595334522576,0.2336995950083922,0.5243506332826527,present
482,0.5179632303213327,0.36721863014848644,0.6647929146292465,absent
482,0.36927759173318325,0.23423160501975288,0.526053991361284,present
483,0.5197082167611248,0.3697083350924765,0.6677831593168636,absent
483,0.3702615727779369,0.23403082107552461,0.5269762320150664,present
484,0.5214113969841293,0.36977148964297896,0.668305281859743,absent
484,0.37120320911334503,0.2347901242634523,0.5292886140399913,present
485,0.52322684178181,0.37111459573929023,0.6699915607913548,absent
485,0.37229199131235513,0.23615174851378193,0.5321412937282823,present
486,0.5249076505649115,0.3723084371476596,0.6721659520773096,absent
486,0.37329030805454283,0.23577322209122825,0.5329933075416802,present
487,0.5267119091771232,0.3716063375959814,0.67205958918012,absent
487,0.3742850757942921,0.23553654523529927,0.5335703194143822,present
488,0.5285909633443723,0.3740719045335229,0.6744214417770489,absent
488,0.37529030358865023,0.23466375298140904,0.5333763341775645,present
489,0.5304842706833831,0.3755888823578312,0.6763302329676685,absent
489,0.3763953170701237,0.2369246467272343,0.5376536823724861,present
490,0.5322277222925857,0.381274759581195,0.682157378354555,absent
490,0.3773777252634012,0.2373083520215589,0.5390272204317822,present
491,0.534028718346062,0.3814259979788561,0.6825233667534439,absent
491,0.37837601576905505,0.23742589683745036,0.5405578304989793,present
492,0.5359624623502464,0.3830104867096282,0.6842052374743085,absent
492,0.3793820266711258,0.23697446261594227,0.5409381752995888,present
493,0.5376526960421166,0.38442803634614275,0.6862207213113023,absent
493,0.38051738419084763,0.23734884737571935,0.5422807404491221,present
494,0.5395798168961234,0.3854607929704812,0.6878083227409082,absent
494,0.3816901502102715,0.23664168515590359,0.5425377286207442,present
495,0.5415657883972333,0.3904983559140423,0.6933346804066346,absent
495,0.3827284807054973,0.23715144499396323,0.5440391559044063,present
496,0.5434901621097497,0.3829397417185502,0.6869523298859315,absent
496,0.3838864038696168,0.23727522666962692,0.54486168335863,present
497,0.5453614760155581,0.3844478450035332,0.6886380560812573,absent
497,0.38505857985398656,0.2380044989379444,0.546729743110679,present
498,0.5472079902468716,0.38685922229714576,0.6916219738182418,absent
498,0.38631838856194467,0.23876519021136489,0.5483664080309839,present
499,0.549200991482065,0.3954152852907898,0.6996765623528723,absent
499,0.38749422360016567,0.23921864611911223,0.5498846711969678,present
500,0.5511556423275752,0.39910663819949704,0.703522797791646,absent
500,0.38875959816689093,0.2392313958719716,0.551074854039546,present
501,0.5531862460274241,0.4006888488881325,0.7055787842287179,absent
501,0.39007667653206923,0.24345915051528857,0.5578821504299151,present
502,0.5552187210491785,0.40187158790909383,0.7073801263903471,absent
502,0.3913588194346867,0.2394354376807386,0.5534517057386992,present
503,0.5572920704143028,0.39936195905703975,0.7060705708763593,absent
503,0.3925813175399854,0.24307474719506114,0.5595520209628032,present
504,0.5593474789096557,0.4033434964393603,0.710577329566014,absent
504,0.3938997560276255,0.2435664874123257,0.5609135710404559,present
505,0.5614589964015688,0.40482282820730536,0.7131105038348716,absent
505,0.39511988427334716,0.24502750297875175,0.5637044948838752,present
506,0.5636744179829115,0.4067615644624713,0.7156193207467694,absent
506,0.39640642223117856,0.2452771892380896,0.5649601807537711,present
507,0.565790123227578,0.4033899063176546,0.713616711958828,absent
507,0.3978360900030373,0.24561383515724158,0.566799971444,present
508,0.5679094456884166,0.4048443088069067,0.7160136853822936,absent
508,0.39933807583145076,0.24268993078794976,0.5642525511578026,present
509,0.569944763406905,0.4058416181477184,0.7178925360680387,absent
509,0.4005909595613263,0.24375820137146972,0.5671035454418489,present
510,0.5720246551451305,0.4063202260204628,0.7193160170124762,absent
510,0.4019379163231451,0.24456521601529618,0.5693054106460571,present
511,0.574106621497886,0.4078720191624894,0.7216058961074608,absent
511,0.4033751961483903,0.2462536009838856,0.5728481197057675,present
512,0.5762602040840344,0.409468563332733,0.7243315785590192,absent
512,0.40465299902349827,0.24789154555334583,0.5764883138386429,present
513,0.578427034544554,0.4109267863351464,0.7267416172822029,absent
513,0.4059323540773511,0.2500235769660118,0.5804576790214322,present
514,0.5806486854361637,0.4124452794390323,0.7291510337825169,absent
514,0.4073559563447936,0.243866637517662,0.5741933357755044,present
515,0.5828712675572945,0.41397158694660013,0.7315554032279596,absent
515,0.4088238361461892,0.24684210994510783,0.5796186160597573,present
516,0.5849950875866936,0.4225726856734598,0.7399353126301066,absent
516,0.41025592348759093,0.2473482013677518,0.5813234042153586,present
517,0.5872808538800274,0.42327633975967494,0.7417964771056763,absent
517,0.4117321719720805,0.2472370410558195,0.5825311485752506,present
518,0.5895556065643097,0.42414105328514873,0.7437232468657641,absent
518,0.4132698802445833,0.24725651045171906,0.584004073776117,present
519,0.5918191282245948,0.42468689902876444,0.745485367401381,absent
519,0.4146457261945342,0.24832872283303606,0.586579139393656,present
520,0.5939786302103215,0.42487850966098717,0.7473677212478335,absent
520,0.4161795836728853,0.24926800760914777,0.5891895435900425,present
521,0.5962167235901302,0.4258570088992589,0.7494461208195826,absent
521,0.417640476615123,0.2521512333717828,0.5944448476168989,present
522,0.5985981495803885,0.4270389362475984,0.7522881490653404,absent
522,0.41909532797949556,0.25179085336098495,0.59485135108807,present
523,0.6008352871977418,0.42845224937186566,0.7551097656453841,absent
523,0.42062371513888863,0.25316489280914184,0.5979798917018174,present
524,0.6029301988430147,0.43433711879153913,0.7611312538158832,absent
524,0.42217492085302133,0.2555697832329531,0.6027347690893092,present
525,0.6051579857216458,0.4368953269421157,0.7642601280204133,absent
525,0.4236546746498387,0.25445267530319465,0.6024383867988417,present
526,0.6074228166104009,0.43791145915126883,0.7662419172267225,absent
526,0.42505597592312994,0.25572617960890875,0.6055733429358353,present
527,0.6096806506727894,0.4391384228095794,0.7688470624292666,absent
527,0.4265760184945961,0.25624174303580005,0.6072085298305944,present
528,0.6119490473095217,0.44004361669465225,0.7716836672892478,absent
528,0.4281660586915436,0.25764739789251656,0.6102456399110352,present
529,0.614168248789827,0.4379466978057931,0.7722638823105367,absent
529,0.4296582675409063,0.25819229358664975,0.612408676250561,present
530,0.6162121232921837,0.44008142827102925,0.7758587562688963,absent
530,0.43116818710396004,0.2590999601948504,0.6148996660187351,present
531,0.6184859139505802,0.4451598551421016,0.7814088852113338,absent
531,0.4327575844155421,0.2591261579540277,0.6167282353110554,present
532,0.6207020119953193,0.4393628599419348,0.779321613417801,absent
532,0.43432298128009056,0.25701047217292766,0.615444692293913,present
533,0.6228416652125673,0.43947925613117544,0.7811553817994469,absent
533,0.4360709983385412,0.2623515051153663,0.6239745225345678,present
534,0.6251706578601502,0.44803559915430025,0.7891131168577811,absent
534,0.43757736020852855,0.2584927353242394,0.6209924365039011,present
535,0.6273934844593944,0.4496171365205811,0.7920807682401274,absent
535,0.43936038078733314,0.2605087527828945,0.625235920726859,present
536,0.6296890734927053,0.4436152453497932,0.7900880534960874,absent
536,0.44092410332148974,0.26180753843626275,0.6283635287006772,present
537,0.63186959323269,0.4503439500583167,0.7962319871235327,absent
537,0.44272208263700163,0.2659944968331155,0.6351332936472516,present
538,0.6339245876494229,0.45180286056933494,0.7995579709313488,absent
538,0.4443759988926872,0.2652662609912026,0.635888405178315,present
539,0.636197003019636,0.4503306750063434,0.8006524747625694,absent
539,0.4461110740768413,0.2650867407885066,0.6372928363987624,present
540,0.6384553713338481,0.4528532901482426,0.8043560031105924,absent
540,0.44779760566786114,0.2657756145514004,0.6405165333491951,present
541,0.640505638056318,0.45329124481047334,0.8069955960949934,absent
541,0.4495162288096758,0.26805404253188053,0.6448477212055503,present
542,0.6426375368514664,0.453103780641331,0.8087345746875175,absent
542,0.4511047875132823,0.2660994885151906,0.6447868681048862,present
543,0.6447918960344898,0.45326195325198776,0.8106266927816963,absent
543,0.45278794757679786,0.26928569126983837,0.6503088586160252,present
544,0.6470003933157491,0.4538645246475067,0.8130375232729263,absent
544,0.4544908867642094,0.26998002287091416,0.6528351163171306,present
545,0.6490225596296898,0.45531039633809134,0.8161635366659934,absent
545,0.4563357858702377,0.270101868880972,0.6549971001054374,present
546,0.6509845031884933,0.45154410083472996,0.8158408710100855,absent
546,0.4581760370207751,0.27041397008606055,0.6572895970271156,present
547,0.6531205332269543,0.45224622192957303,0.8188061867665619,absent
547,0.45984222231185223,0.2712449389554185,0.6600940399481422,present
548,0.6552095179777784,0.4562684884132173,0.823503896420761,absent
548,0.46155942829883695,0.27257149765385114,0.6636096163293193,present
549,0.6572982916440938,0.4590882413003572,0.8275599626382468,absent
549,0.46337218101338096,0.27277085439604465,0.6657787691013324,present
550,0.6592516291889441,0.4594459076622051,0.8298312102443179,absent
550,0.4650547539916472,0.2728424269577293,0.6682250313477207,present
551,0.6612695615719851,0.4574563653049589,0.8310828601619599,absent
551,0.4669359384639434,0.2671114087971031,0.6640321561751424,present
552,0.6633696372627673,0.45619291141690627,0.8325716935487428,absent
552,0.4688321151780009,0.27850343979676917,0.6787447600776347,present
553,0.6654435725788711,0.45688573789328873,0.8349026044682495,absent
553,0.47060280035396196,0.26893980480351554,0.6698163710539294,present
554,0.667386872606362,0.45448547528263283,0.8360393168474705,absent
554,0.47252800888078156,0.26973774110860904,0.6725238237494431,present
555,0.6693951219269417,0.45534139965406295,0.8388483730874187,absent
555,0.47439310287227954,0.2699316569200726,0.6749551631225794,present
556,0.6712546873081774,0.4604994598636383,0.844074188705676,absent
556,0.476058655297045,0.27133917231517063,0.6783573654062338,present
557,0.6733355078582207,0.4626169849076632,0.8474349977374358,absent
557,0.47775163270376053,0.27178328767341153,0.6811610953942063,present
558,0.6753043407326708,0.4606907681906895,0.8485222229778158,absent
558,0.4796130992746209,0.2739139666304144,0.6860316789921808,present
559,0.6773409372384053,0.4608361169563021,0.8507547563979954,absent
559,0.48138050495314877,0.27337721995484,0.687557377423291,present
560,0.6791830064334694,0.4581003303265675,0.8514039672618238,absent
560,0.48326956023408935,0.27413498146338633,0.6904171952627924,present
561,0.6812275895439377,0.4633682606201464,0.8562502230733607,absent
561,0.485038627543921,0.2725758454189129,0.6910515678730232,present
562,0.6832090804091729,0.4643252842009057,0.8585882683161247,absent
562,0.48682096737925934,0.2757116038876202,0.6964544159674246,present
563,0.6851649817153792,0.46264731313235286,0.8597702172954068,absent
563,0.48870890248684895,0.2762143175667075,0.6992360460592265,present
564,0.6869060817715971,0.46238643644840466,0.8616730443663461,absent
564,0.4904324436329604,0.2761072271965173,0.7012450168228559,present
565,0.6888995374136807,0.4649731161330884,0.8646151203883397,absent
565,0.492263197275634,0.28027020097887084,0.7081232176777177,present
566,0.6907832606775405,0.4632389512744685,0.8657761242290841,absent
566,0.49411329567895496,0.2806540204467108,0.7108355333506028,present
567,0.6925992325176387,0.46140815586148576,0.8670090808481954,absent
567,0.49595743199091163,0.2743894313616268,0.7063848869010273,present
568,0.6945237590923384,0.4612107172503999,0.8688168039813821,absent
568,0.4976557491765826,0.28001928357284694,0.7145756434215816,present
569,0.6964351028045294,0.46289079512991904,0.8714051761764569,absent
569,0.49957953549397993,0.27682992808024065,0.7135198041459919,present
570,0.6983068217207926,0.4640014791331699,0.8737894314339587,absent
570,0.5012812086541683,0.2815584099104752,0.7206414297076168,present
571,0.7003421475660702,0.4556968515349193,0.8718945767800641,absent
571,0.50316577606424,0.2828917779823976,0.724244159925214,present
572,0.7024320833178433,0.457994593028306,0.8747578950729118,absent
572,0.504954298962778,0.2828266026078616,0.7261778753374042,present
573,0.7043256587740231,0.4596990906354522,0.8773153526798858,absent
573,0.5067331906547371,0.2828761711377904,0.7285947644179086,present
574,0.7062029163830856,0.4647323714417501,0.8816137779228186,absent
574,0.5086434126491441,0.27303444082081035,0.7212520582333977,present
575,0.707996974352212,0.46279590659603326,0.8824873679343849,absent
575,0.5103802800763546,0.2770852126750922,0.7276038404468715,present
576,0.7098833748038125,0.4564496602310487,0.8817229460613085,absent
576,0.5123077823016491,0.2772321293475831,0.7297991061041829,present
577,0.7116212545379604,0.4580299048846675,0.8840745467552467,absent
577,0.5139903228809003,0.27730774907884304,0.7320893983050021,present
578,0.7133937757320995,0.46337559527895156,0.8879545173785278,absent
578,0.5155674275843819,0.27874627929880996,0.7361439561729543,present
579,0.7152108858293671,0.46104426747949473,0.8888351618390287,absent
579,0.5172723790588556,0.2766973496476472,0.7363264008730556,present
580,0.7169722889241343,0.46308753421384374,0.8912573431929159,absent
580,0.5190238830583245,0.2773046943905709,0.7387801104426458,present
581,0.7187451081751185,0.46188030387045936,0.8925108226463901,absent
581,0.5207940217641535,0.2767000640658953,0.7402491005677094,present
582,0.7204812936896204,0.466031848008803,0.8956791976033581,absent
582,0.5226309361667043,0.277160762851035,0.7432136515117876,present
583,0.7224835340274178,0.468386296552378,0.8981457913789134,absent
583,0.5245166128020206,0.2792295004095349,0.7471579390374994,present
584,0.7242573542012702,0.4694061869250561,0.9001202852747431,absent
584,0.5261802368862643,0.2801409409565937,0.7499343220763315,present
585,0.725943335184138,0.4732127887597161,0.9028951752950212,absent
585,0.5279627141371492,0.28027092202969,0.7525715897545894,present
586,0.7276538123391848,0.4737231282021879,0.9045558134199482,absent
586,0.5297426580910638,0.27988815793082383,0.7547744439400801,present
587,0.7294432709625043,0.4715764966503509,0.9052307538657131,absent
587,0.5315268749751241,0.2801529390034505,0.7571842937632568,present
588,0.7311949322940327,0.4713328911547783,0.9064849413725831,absent
588,0.5333239755586341,0.2787242722589702,0.7582635503503228,present
589,0.7330542993227427,0.4752336275881689,0.909326228301012,absent
589,0.5352773578877276,0.27941228379214267,0.7608167173647044,present
590,0.734744446146072,0.4755308064594574,0.9108840485604114,absent
590,0.5371595515368068,0.27917506825875804,0.7628530431645836,present
591,0.7364636926148929,0.46927951537472296,0.9102185322241557,absent
591,0.5388732006906679,0.27950083782952184,0.7655402644581046,present
592,0.7382280450953177,0.46873858162812837,0.9113023350121401,absent
592,0.5406197119814885,0.2795733711840089,0.76808213684509,present
593,0.7398640193695478,0.4692098929269184,0.9126121521663895,absent
593,0.5424161767908712,0.2805821891634572,0.7715349070632179,present
594,0.7415352549533409,0.4694073424418916,0.9139891952535044,absent
594,0.5440111103166018,0.28158148600320987,0.7748203569372878,present
595,0.7432053432839735,0.47030273953462226,0.9155989442919347,absent
595,0.5456708239361595,0.28791299460580094,0.782275808928754,present
596,0.7449511482298251,0.4708450609610731,0.9172097442862281,absent
596,0.5476446411252078,0.28913166466657314,0.785172207605256,present
597,0.7466005839679598,0.4712629774762062,0.9185632888274906,absent
597,0.5493714498104303,0.28827469763303415,0.7868136363358051,present
598,0.7480823020379741,0.47106992018679816,0.9199256621229295,absent
598,0.5510376630276851,0.28798409319635604,0.7884666029759102,present
599,0.7496009901344958,0.4713931976177615,0.9214023640835654,absent
599,0.5531305605303211,0.2890224853109183,0.7914908426111125,present
600,0.7512629787560174,0.4685127980345062,0.922081046649529,absent
600,0.554934027757919,0.2882682699572534,0.7930677768853192,present
